Source,Target,total_synapses,n_postsyn_neurons,Weight
B1-5,WED_pr02,6248,10,624.8
B1-3,WED_pr02,5537,14,395.5
JO-A,A2,4753,4,1188.25
B1-2,WED_pr02,4316,16,269.75
B1-1,WED-VLP-1,3640,22,165.45454545454547
JO-A,WV-WV-3,3485,7,497.85714285714283
JO-B,B1-5,3480,22,158.1818181818182
B1-2,WV-WV-2,3223,6,537.1666666666666
JO-B,B1-4,3222,14,230.14285714285714
JO-A,WV-WV-1,2990,3,996.6666666666666
WV-WV-1,WED-VLP-1,2424,22,110.18181818181819
JO-B,B1-3,2417,7,345.2857142857143
B1-2,WV-WV-1,2386,3,795.3333333333334
JO-B,B1-2,2314,9,257.1111111111111
B1-2,WED-VLP-2,2302,10,230.2
B1-4,A1,2291,5,458.2
B1-1,WV-WV-1,2284,3,761.3333333333334
JO-B,B1-1,2280,7,325.7142857142857
WV-WV-2,WED_pr02,2243,21,106.80952380952381
JO-B,B1-7,2139,11,194.45454545454547
WV-WV-1,WED_pr02,2011,21,95.76190476190476
JO-B,B1-u,1962,5,392.4
A2,WED-VLP-1,1948,22,88.54545454545455
WED_pr02,WED-VLP-1,1757,22,79.86363636363636
WED-VLP-1,AVLP_pr01-2,1743,8,217.875
B1-3,WV-WV-2,1739,6,289.8333333333333
B2,B1-7,1589,11,144.45454545454547
B1-4,WV-WV-3,1574,6,262.3333333333333
B1-5,WED_pr01-1,1512,10,151.2
WED-VLP-2,AVLP_pr01-2,1495,8,186.875
A2,AVLP_pr01-1,1444,10,144.4
JO-A,SAD_pr01,1388,2,694.0
WV-WV-3,A1,1381,5,276.2
WV-WV-3,GF,1372,2,686.0
WED_pr02,B1-2,1303,16,81.4375
B2,B1-2,1275,11,115.9090909090909
WED_pr02,WV-WV-2,1182,6,197.0
WED-VLP-1,AVLP_pr01-1,999,9,111.0
B1-2,AVLP_pr23,988,2,494.0
JO-A,GF,985,2,492.5
WED-VLP-2,WED_pr02,982,9,109.11111111111111
WED_pr02,B1-5,966,13,74.3076923076923
WV-WV-1,AVLP_pr01-1,935,10,93.5
AVLP_pr01-1,vpoEN,913,4,228.25
WED_pr02,A2,913,4,228.25
WED_pr02,B1-3,902,8,112.75
pC2la,pMN1,898,2,449.0
WED_pr02,WV-WV-1,895,3,298.3333333333333
B1-6,aPN3,831,10,83.1
WED_pr02,WED-VLP-2,796,10,79.6
B2,B1-3,769,8,96.125
WV-WV-1,WED-VLP-2,765,10,76.5
B1-4,GF,727,2,363.5
JO-A,AVLP_pr01-1,713,9,79.22222222222223
WED-VLP-1,AVLP_pr31,713,8,89.125
JO-B,B2,705,6,117.5
B1-1,WED_pr02,676,5,135.2
JO-A,SAD_pr02,624,13,48.0
AVLP_pr01-2,WED-VLP-1,622,16,38.875
B2,B1-5,613,11,55.72727272727273
vpoEN,pC2lb,590,8,73.75
JO-B,WV-WV-3,588,6,98.0
pC2lb,AVLP_pr36/asp10a-1,588,17,34.588235294117645
B2,B1-4,567,10,56.7
JO-B,B1-6,539,7,77.0
B1-u,WV-WV-1,527,3,175.66666666666666
B1-u,WED-VLP-2,522,7,74.57142857142857
SAD_pr02,WV-WV-3,520,5,104.0
pC2lb,pC2la,518,11,47.09090909090909
JO-B,IPS_pr01-2,507,7,72.42857142857143
A2,AVLP_pr23,497,2,248.5
SAD_pr02,JO-A,495,39,12.692307692307692
JO-A,B1-4,492,7,70.28571428571429
JO-B,GF,488,2,244.0
WED-VLP-1,WED_pr02,463,4,115.75
vpoEN,AVLP_pr36/asp10a-1,452,16,28.25
JO-B,IPS_pr02,449,2,224.5
B1-5,SAD_pr02,437,8,54.625
AVLP_pr01-1,WED-VLP-1,437,18,24.27777777777778
vpoIN-1,pC2lb,427,7,61.0
WED-VLP-2,WV-WV-1,422,2,211.0
aPN3,B1-5,418,7,59.714285714285715
B2,B1-6,416,5,83.2
WED_pr02,B1-1,413,11,37.54545454545455
WV-WV-4,A2,404,4,101.0
JO-A,AVLP_pr23,387,2,193.5
WED_pr02,JO-B,381,37,10.297297297297296
JO-B,aPN2,361,7,51.57142857142857
B1-3,WV-WV-1,344,2,172.0
AVLP_pr01-1,A2,339,4,84.75
vpoIN-1,pMN2,337,2,168.5
AVLP_pr36/asp10a-1,pC2lb,336,5,67.2
WV-WV-3,B1-4,330,12,27.5
vpoEN,pMN1,324,2,162.0
pC2lb,pMN1,322,2,161.0
B1-u,WED_pr02,319,7,45.57142857142857
JO-B,SAD_pr02,317,10,31.7
AVLP_pr01-1,WV-WV-1,315,3,105.0
WED-VLP-1,vpoIN-3,314,2,157.0
AVLP_pr01-2,WED-VLP-2,314,10,31.4
WED-VLP-1,pC2lb,310,6,51.666666666666664
JO-B,WV-WV-2,309,5,61.8
WED_pr02,GF,308,2,154.0
A2,WV-WV-4,308,2,154.0
WED_pr02,AVLP_pr23,305,2,152.5
GNG_pr01-1,A1,301,5,60.2
WED_pr02,WV-WV-4,301,2,150.5
JO-A,WV-WV-2,296,1,296.0
WED_pr02,vpoEN,296,4,74.0
B1-6,IPS_pr01-1,293,7,41.857142857142854
B1-u,WED-VLP-1,290,5,58.0
B1-5,WV-WV-2,288,6,48.0
B1-6,WV-WV-3,277,6,46.166666666666664
B1-3,WV-WV-3,265,3,88.33333333333333
WED-VLP-2,vpoEN,255,4,63.75
aPN3,aPN2,251,11,22.818181818181817
B1-1,AVLP_pr23,248,2,124.0
JO-B,WV-WV-1,247,3,82.33333333333333
AVLP_pr36/asp10a-1,PVLP_pr03-2,244,4,61.0
B1-2,AVLP_pr01-1,240,6,40.0
aPN2,IPS_pr02,235,2,117.5
B1-2,WV-WV-3,234,3,78.0
AVLP_pr23,AVLP/PVLP_pr01-2,233,6,38.833333333333336
A1,GF,231,2,115.5
JO-A,B1-5,230,3,76.66666666666667
JO-A,WED_pr02,230,6,38.333333333333336
AVLP/PVLP_pr01-2,A1,226,5,45.2
A2,WV-WV-2,224,4,56.0
JO-B,WED_pr02,222,11,20.181818181818183
JO-A,B1-u,216,4,54.0
aPN3,IPS_pr02,208,2,104.0
vpoIN-1,pC1e,206,2,103.0
vpoEN,pMN2,204,2,102.0
AVLP_pr36/asp10a-1,pMN1,201,2,100.5
pC2la,pC1d,201,2,100.5
B1-4,WV-WV-2,197,4,49.25
AVLP_pr36/asp10a-1,pC2la,196,14,14.0
WV-WV-2,WV-WV-3,195,1,195.0
WED_pr02,B1-u,191,4,47.75
AVLP_pr36/asp10a-1,AVLP_pr12,186,9,20.666666666666668
aPN3,B1-4,183,3,61.0
WV-WV-1,AVLP_pr23,178,2,89.0
WV-WV-1,WV-WV-2,177,6,29.5
JO-B,AVLP_pr23,173,2,86.5
WV-WV-3,A2,173,4,43.25
B2,B1-u,170,5,34.0
AVLP_pr23,A1,167,5,33.4
IPS_pr01-1,WED_pr01-1,167,5,33.4
IPS_pr01-2,WED_pr01-2,166,3,55.333333333333336
SAD_pr02,B1-3,162,5,32.4
SAD_pr01,GF,162,2,81.0
B1-5,AVLP_pr04,158,2,79.0
B1-4,WED_pr01-1,158,8,19.75
B1-3,AVLP_pr23,158,2,79.0
PVLP_pr03-3,A1,149,5,29.8
B1-7,WV-WV-3,146,1,146.0
JO-B,SAD_pr01,144,2,72.0
AVLP_pr36/asp10a-1,pC1d,144,2,72.0
WED-VLP-2,pC2lb,144,3,48.0
SAD_pr02,A2,144,3,48.0
B1-1,WED-VLP-2,144,4,36.0
B1-4,AVLP/PVLP_pr01-2,140,5,28.0
B1-7,SAD_pr02,139,2,69.5
B1-5,B1-7,134,7,19.142857142857142
PVLP_pr03-3,GF,134,2,67.0
JO-A,B1-7,133,6,22.166666666666668
B1-5,GF,132,2,66.0
SAD_pr02,B1-5,131,6,21.833333333333332
AVLP_pr01-1,AVLP_pr01-2,130,6,21.666666666666668
WED_pr01-1,IPS/WED_pr01,129,7,18.428571428571427
B1-2,WED-VLP-1,127,5,25.4
WED-VLP-2,AVLP_pr22,124,5,24.8
WV-WV-3,SAD_pr02,124,8,15.5
vpoEN,pC1d,122,2,61.0
WV-WV-2,WV-WV-1,120,2,60.0
pC2lb,PVLP_pr03-2,120,4,30.0
AVLP_pr01-2,vpoEN,119,4,29.75
WED-VLP-1,AVLP_pr01-3,119,2,59.5
WV-WV-1,WV-WV-3,118,6,19.666666666666668
WED-VLP-1,AVLP_pr32,115,3,38.333333333333336
aPN2,IPS_pr01-1,115,7,16.428571428571427
WV-WV-3,B1-5,114,8,14.25
IPS_pr02,B1-6,114,7,16.285714285714285
pC1d,AVLP_pr36/asp10a-1,110,5,22.0
B1-7,WED_pr01-1,110,7,15.714285714285714
B1-4,SAD_pr02,109,7,15.571428571428571
WV-WV-3,WV-WV-2,107,2,53.5
AVLP_pr02,pC2lb,106,6,17.666666666666668
AVLP_pr01-1,AVLP_pr02,105,6,17.5
vpoEN,pC2la,104,5,20.8
A2,WV-WV-3,102,4,25.5
B1-u,WED_pr01-1,102,7,14.571428571428571
B1-6,A1,102,5,20.4
AVLP/PVLP_pr01-2,GF,102,2,51.0
B1-u,WV-WV-3,100,2,50.0
AVLP_pr23,vpoEN,99,4,24.75
AVLP_pr01-2,AVLP_pr22,97,5,19.4
B1-u,AVLP_pr23,96,2,48.0
pMN2,pC1d,96,2,48.0
SAD_pr02,WV-WV-1,94,2,47.0
WV-WV-2,SAD_pr02,93,7,13.285714285714286
vpoIN-2,pMN2,93,2,46.5
WV-WV-3,SAD_pr01,92,2,46.0
SAD_pr01,B1-2,92,6,15.333333333333334
WV-WV-3,AVLP/PVLP_pr01-2,90,5,18.0
WED-VLP-2,AVLP_pr01-1,88,2,44.0
B1-3,SAD_pr02,88,3,29.333333333333332
SAD_pr02,B1-4,87,3,29.0
vpoIN-1,pMN1,86,2,43.0
B2,WV-WV-3,85,1,85.0
aPN2,IPS/WED_pr01,82,4,20.5
WV-WV-4,SAD_pr02,82,7,11.714285714285714
B1-1,AVLP_pr01-1,81,6,13.5
JO-A,WED-VLP-1,78,7,11.142857142857142
A2,WV-WV-1,78,2,39.0
WED-VLP-2,AVLP_pr31,77,4,19.25
B1-1,B1-2,77,7,11.0
B1-2,WV-WV-4,77,2,38.5
B1-u,WV-WV-2,76,3,25.333333333333332
WED-VLP-1,WV-WV-1,74,2,37.0
B1-5,A1,70,4,17.5
B1-4,SAD_pr01,70,2,35.0
vpoIN-2,AVLP_pr12,69,4,17.25
IPS_pr01-2,WED_pr01-1,69,6,11.5
WV-WV-2,WED-VLP-2,69,5,13.8
AVLP_pr01-1,vpoIN-3,65,2,32.5
AVLP_pr36/asp10a-2,vpoIN-2,64,4,16.0
SAD_pr02,B1-2,64,3,21.333333333333332
WED-VLP-2,AVLP_pr01-3,64,2,32.0
WV-WV-4,WV-WV-1,62,1,62.0
pC2lb,pMN2,61,2,30.5
SAD_pr01,AVLP_pr23,60,2,30.0
WV-WV-2,B1-5,59,5,11.8
B1-u,SAD_pr02,58,3,19.333333333333332
aPN2,B1-5,57,4,14.25
B1-2,B1-u,56,4,14.0
WV-WV-3,WV-WV-1,56,3,18.666666666666668
B1-u,AVLP/PVLP_pr01-2,56,3,18.666666666666668
AVLP_pr23,WV-WV-3,56,2,28.0
AVLP_pr01-1,AVLP_pr23,56,2,28.0
A2,WED_pr02,56,5,11.2
vpoIN-3,AVLP_pr31,55,5,11.0
JO-A,WV-WV-4,55,1,55.0
JO-A,B2,54,3,18.0
vpoIN-1,AVLP_pr36/asp10a-1,54,4,13.5
B1-1,WV-WV-2,52,1,52.0
AVLP_pr22,PVLP_pr03-3,52,2,26.0
AVLP_pr02,pMN2,52,2,26.0
WED_pr02,WV-WV-3,47,1,47.0
IPS_pr02,IPS_pr01-1,47,3,15.666666666666666
B1-5,WV-WV-1,47,1,47.0
AVLP_pr04,AVLP_pr11,47,3,15.666666666666666
B1-2,SAD_pr02,45,3,15.0
A2,WED-VLP-2,44,4,11.0
IPS_pr02,IPS_pr01-2,44,4,11.0
B1-4,B1-7,44,4,11.0
SAD_pr02,WV-WV-2,43,3,14.333333333333334
WV-WV-3,AVLP_pr23,43,2,21.5
B1-1,B1-u,42,3,14.0
vpoIN-3,pC2lb,42,4,10.5
vpoIN-2,pC2lb,42,4,10.5
vpoIN-1,pC1d,41,2,20.5
GNG_pr01-1,AVLP_pr23,40,2,20.0
WED-VLP-1,vpoEN,37,3,12.333333333333334
B1-5,WV-WV-3,37,3,12.333333333333334
AVLP_pr36/asp10a-1,pMN2,36,2,18.0
B1-1,WV-WV-3,36,2,18.0
pMN2,pC1e,36,2,18.0
pC2la,pC1e,36,2,18.0
AVLP_pr12,AVLP_pr04,36,2,18.0
AVLP_pr23,AVLP_pr02,35,3,11.666666666666666
B1-3,GF,34,2,17.0
WV-WV-1,WV-WV-4,33,2,16.5
SAD_pr02,B1-7,33,3,11.0
SAD_pr02,B1-u,33,2,16.5
B1-7,B1-u,32,2,16.0
pC2la,PVLP_pr03-2,32,2,16.0
A1,AVLP/PVLP_pr01-2,31,3,10.333333333333334
pC2lb,pC1d,31,2,15.5
AVLP_pr23,WV-WV-2,31,1,31.0
pC2lc,pC1d,30,2,15.0
GNG_pr01-1,AVLP_pr04,30,2,15.0
WV-WV-1,AVLP_pr01-2,30,1,30.0
AVLP_pr01-2,vpoIN-3,29,2,14.5
B2,WV-WV-2,27,1,27.0
B1-3,A1,27,2,13.5
pC1d,pC1e,27,2,13.5
B1-2,B1-4,27,1,27.0
vpoIN-3,pMN2,26,2,13.0
B1-6,WV-WV-2,26,1,26.0
AVLP_pr11,AVLP_pr04,26,2,13.0
WV-WV-4,WV-WV-3,26,2,13.0
B1-7,IPS_pr01-1,25,2,12.5
WV-WV-3,B1-6,24,2,12.0
B1-6,GF,24,2,12.0
WV-WV-1,AVLP/PVLP_pr01-2,24,2,12.0
pC1e,pC1d,23,2,11.5
pC1e,pMN2,23,2,11.5
AVLP_pr01-1,WV-WV-2,23,2,11.5
AVLP_pr02,pC2la,23,2,11.5
SAD_pr01,B1-4,22,2,11.0
B1-2,A1,22,1,22.0
B1-u,B1-7,22,2,11.0
AVLP_pr05-3,AVLP_pr18-1,21,2,10.5
pcC2lc,pC1d,21,2,10.5
B1-6,B1-4,20,1,20.0
IPS_pr02,B1-4,20,1,20.0
AVLP_pr01-1,WED_pr02,19,1,19.0
AVLP_pr05-1,SAD_pr02,18,1,18.0
B1-5,AVLP/PVLP_pr01-2,17,1,17.0
WED_pr02,WED_pr01-1,17,1,17.0
aPN2,B1-4,16,1,16.0
B1-5,WED_pr01-2,15,1,15.0
B1-5,SAD_pr01,15,1,15.0
pC2lc,pMN1,14,1,14.0
B1-6,B1-7,13,1,13.0
WED_pr02,B1-6,13,1,13.0
vpoIN-2,pC1e,13,1,13.0
GNG_pr01-1,GF,13,1,13.0
A1,AVLP_pr23,13,1,13.0
JO-B,WV-WV-4,13,1,13.0
AVLP_pr01-2,pC2lb,13,1,13.0
IPS_pr02,B1-7,12,1,12.0
B1-2,B1-3,12,1,12.0
B1-4,B1-3,11,1,11.0
AVLP_pr36/asp10a-1,AVLP_pr04,11,1,11.0
