Neuron name (Baker et al 2022),Cell type (Baker et al 2022),Neuron name (Lockwood et al),Cell type (Lockwood et al),Coordinates ,Codex June 2024,HB type,FAFB NT,BANC NT,NT2026 (FAFB and BANC),JOA (L+R) influence score,JOB (L+R) influence score,JOA L influence,JOB L influence
A1_L1,A1,A1_R1,A1,[160548  55409   4977],720575940631693610,AMMC-A1,inconclusive,inconclusive,inconclusive,,,,
A1_L2,A1,A1_R2,A1,[161229  56723   4921],720575940631200327,AMMC-A1,inconclusive,inconclusive,inconclusive,,,,
A1_L3,A1,A1_R3,A1,[159857  56701   5018],720575940618522433,AMMC-A1,inconclusive,inconclusive,inconclusive,,,,
A1_R1,A1,A1_L1,A1,[105496  54286   5405],720575940612001489,AMMC-A1,inconclusive,inconclusive,inconclusive,,,,
A1_R2,A1,A1_L2,A1,[105654  55604   5474],720575940616313942,AMMC-A1,inconclusive,inconclusive,inconclusive,,,,
A2_L,A2,A2_R1,A2,[155842  69317   1498],720575940638214461,CB1817b,Ach,Ach,Ach,,,,
,,A2_R2,A2,,720575940625146122,CB1817a,Ach,Ach,Ach,,,,
A2_R,A2,A2_L1,A2,[103189  65009   1685],720575940632649697,CB1817b,Ach,Ach,Ach,,,,
,,A2_L2,A2,,720575940629133071,CB1817a,Ach,Ach,Ach,,,,
B1-1_L1,B1-1,B1-1_R1,B1-1,[155383  68155   1637],720575940626562570,CB1078,Ach,Ach,Ach,,,,
B1-1_L2,B1-1,B1-1_R2,B1-1,[154440  65207   1796],720575940635547113,CB1078,Ach,Ach,Ach,,,,
B1-1_L3,B1-1,B1-1_R3,B1-1,[153922  68380   1690],720575940629913169,CB1078,Ach,Ach,Ach,,,,
B1-1_L4,B1-1,B1-1_R4,B1-1,[158001  69225   1270],720575940609843865,CB1078,Ach,Ach,Ach,,,,
B1-1_L5,B1-1,B1-1_R5,B1-1,[156860  68596   1532],720575940622097959,CB1078,Ach,Ach,Ach,,,,
B1-1_L6,B1-1,B1-1_R6,B1-1,[156122  66164   1650],720575940625683176,CB1078,Ach,Ach,Ach,,,,
B1-1_R1,B1-1,B1-1_L1,B1-1,[105982  60513   2109],720575940630223052,CB1078,Ach,Ach,Ach,,,,
B1-1_R2,B1-1,B1-1_L2,B1-1,[105598  62033   2093],720575940611277293,CB1078,Ach,Ach,Ach,,,,
B1-1_R3,B1-1,B1-1_L3,B1-1,[106343  64669   2052],720575940616809401,CB1078,Ach,Ach,Ach,,,,
B1-1_R4,B1-1,B1-1_L4,B1-1,[104671  61966   1999],720575940619942859,CB1078,Ach,Ach,Ach,,,,
B1-1_R5,B1-1,B1-1_L5,B1-1,[104284  60515   1731],720575940607188036,CB1078,Ach,Ach,Ach,,,,
B1-1_R6,B1-1,B1-1_L6,B1-1,[105704  64095   2163],720575940606332629,CB1078,Ach,Ach,Ach,,,,
,put_B1,B1-1_L7,B1-1,,720575940620694015,CB1078,Ach,Ach,Ach,,,,
B1-2_L1,B1-2,B1-2_R1,B1-2,[159198  68123   1195],720575940627957719,CB1078,Ach,Ach,Ach,,,,
B1-2_L2,B1-2,B1-2_R2,B1-2,[156940  63189   1529],720575940610077026,CB1542,Ach,Ach,Ach,,,,
B1-2_L3,B1-2,B1-2_R3,B1-2,[156590  69949   1284],720575940632715359,CB1078,Ach,Ach,Ach,,,,
B1-2_L4,B1-2,B1-2_R4,B1-2,[156980  70743    924],720575940620758221,CB1542,Ach,Ach,Ach,,,,
B1-2_L5,B1-2,B1-2_R5,B1-2,[159058  64959   1270],720575940607371076,CB1078,Ach,Ach,Ach,,,,
B1-2_L6,B1-2,B1-2_R6,B1-2,[154715  66913   1757],720575940614450774,CB1078,Ach,Ach,Ach,,,,
B1-2_L7,B1-2,B1-2_R7,B1-2,[158321  62230   1328],720575940618758753,CB1542,Ach,Ach,Ach,,,,
B1-2_L8,B1-2,B1-2_R8,B1-2,[159883  64663   1029],720575940642412941,CB1542,Ach,Ach,Ach,,,,
B1-2_R1,B1-2,B1-2_L1,B1-2,[104375  63079   2127],720575940636679989,CB1078,Ach,Ach,Ach,,,,
B1-2_R2,B1-2,B1-2_L2,B1-2,[102946  65164   1864],720575940612523571,CB1542,Ach,Ach,Ach,,,,
B1-2_R3,B1-2,B1-2_L3,B1-2,[107076  61174   2112],720575940604839200,CB1078,Ach,Ach,Ach,,,,
B1-2_R4,B1-2,B1-2_L4,B1-2,[103556  64377   1568],720575940610358990,CB1078,Ach,Ach,Ach,,,,
B1-2_R5,B1-2,B1-2_L5,B1-2,[105373  63582   2031],720575940627410944,CB1078,Ach,Ach,Ach,,,,
B1-2_R6,B1-2,B1-2_L6,B1-2,[104873  62834   2265],720575940630603091,CB1542,Ach,Ach,Ach,,,,
B1-2_R7,B1-2,B1-2_L7,B1-2,[103456  63029   2009],720575940612146174,CB1542,Ach,Ach,Ach,,,,
B1-2_R8,B1-2,B1-2_L8,B1-2,[106980  63003   2177],720575940622254375,CB1078,Ach,Ach,Ach,,,,
B1-3_L1,B1-3,B1-3_R1,B1-3,[159082  66819   1156],720575940628910095,CB1542,Ach,Ach,Ach,,,,
B1-3_L2,B1-3,B1-3_R2,B1-3,[158025  64293   1436],720575940606010569,CB1425,Ach,Ach,Ach,,,,
B1-3_L3,B1-3,B1-3_R3,B1-3,[157474  68764    964],720575940654117025,CB1425,Ach,Ach,Ach,,,,
B1-3_L4,B1-3,B1-3_R4,B1-3,[159445  65166    928],720575940603636913,SAD052,Ach,Ach,Ach,,,,
B1-3_R1,B1-3,B1-3_L1,B1-3,[103940  62853   1833],720575940624704393,CB1542,Ach,Ach,Ach,,,,
B1-3_R2,B1-3,B1-3_L2,B1-3,[103427  62302   1653],720575940618066415,SAD052,Ach,Ach,Ach,,,,
B1-3_R3,B1-3,B1-3_L3,B1-3,[103783  61639   1871],720575940619405812,CB1425,Ach,Ach,Ach,,,,
B1-3_R4,B1-3,B1-3_L4,B1-3,[102923  63132   1590],720575940614840891,CB1542,Ach,Ach,Ach,,,,
B1-4_L1,B1-4,B1-4_R1,B1-4,[158980  70226   1046],720575940617431325,CB2521,Ach,Ach,Ach,,,,
B1-4_L2,B1-4,B1-4_R2,B1-4,[158767  67744   1350],720575940609076693,CB1280,Ach,Ach,Ach,,,,
B1-4_L3,B1-4,B1-4_R3,B1-4,[158160  72467    876],720575940609522382,CB2664,Ach,Ach,Ach,,,,
B1-4_L4,B1-4,B1-4_R4,B1-4,[157841  70625   1257],720575940614633867,CB1280,Ach,Ach,Ach,,,,
B1-4_L5,B1-4,B1-4_R5,B1-4,[159035  70962   1129],720575940613380914,SAD053,Ach,Ach,Ach,,,,
B1-4_L6,B1-4,B1-4_R6,B1-4,[157622  70728   1120],720575940639241279,CB2664,Ach,Ach,Ach,,,,
B1-4_L7,B1-4,B1-4_R7,B1-4,[156519  70651   1166],720575940606336213,CB2664,Ach,Ach,Ach,,,,
B1-4_R1,B1-4,B1-4_L1,B1-4,[104799  64706   1870],720575940620980323,CB2664,Ach,Ach,Ach,,,,
B1-4_R2,B1-4,B1-4_L2,B1-4,[108974  63085   2234],720575940627263375,SAD053,Ach,Ach,Ach,,,,
B1-4_R3,B1-4,B1-4_L3,B1-4,[107389  64842   2224],720575940637663662,CB2664,Ach,Ach,Ach,,,,
B1-4_R4,B1-4,B1-4_L4,B1-4,[102242  65488   1482],720575940614310802,CB2664,Ach,Ach,Ach,,,,
B1-4_R5,B1-4,B1-4_L5,B1-4,[104214  65169   1952],720575940635282910,CB1280,Ach,Ach,Ach,,,,
B1-4_R6,B1-4,B1-4_L6,B1-4,[103516  61641   1987],720575940618599277,CB2153,Ach,Ach,Ach,,,,
B1-4_R7,B1-4,B1-4_L7,B1-4,[102172  62584   1830],720575940609673369,,,,,,,,
B1-5_L1,B1-5,B1-5_R1,B1-5,[157776  69494   1158],720575940615723077,SAD052,Ach,Ach,Ach,,,,
B1-5_L2,B1-5,B1-5_R2,B1-5,[157974  69914   1017],720575940618409797,CB1076,Ach,Ach,Ach,,,,
B1-5_L3,B1-5,B1-5_R3,B1-5,[158860  68873    915],720575940621043753,CB1076,Ach,Ach,Ach,,,,
B1-5_L4,B1-5,B1-5_R4,B1-5,[160164  67283    851],720575940611864243,CB3710,Ach,Ach,Ach,,,,
B1-5_L5,B1-5,B1-5_R5,B1-5,[158010  70733    923],720575940634599792,CB2153,Ach,Ach,Ach,,,,
B1-5_L6,B1-5,B1-5_R6,B1-5,[158627  67175    941],720575940624087283,CB1076,Ach,Ach,Ach,,,,
B1-5_L7,B1-5,B1-5_R7,B1-5,[159356  65965   1063],720575940631631564,CB1702,Ach,Ach,Ach,,,,
B1-5_L8,B1-5,B1-5_R8,B1-5,[160056  70863   1041],720575940639205198,CB2153,Ach,Ach,Ach,,,,
B1-5_L9,B1-5,B1-5_R9,B1-5,[160597  67999    805],720575940609832410,CB3588,Ach,Ach,Ach,,,,
B1-5_L10,B1-5,B1-5_R10,B1-5,[159502  66336    941],720575940616804806,CB1076,Ach,Ach,Ach,,,,
B1-5_R1,B1-5,B1-5_L1,B1-5,[102985  63331   1442],720575940621242025,SAD052,Ach,Ach,Ach,,,,
B1-5_R2,B1-5,B1-5_L2,B1-5,[101195  63095   1491],720575940618392912,CB2664,Ach,Ach,Ach,,,,
B1-5_R3,B1-5,B1-5_L3,B1-5,[102092  62653   1678],720575940634877850,CB1076,Ach,Ach,Ach,,,,
B1-5_R4,B1-5,B1-5_L4,B1-5,[103204  60905   1772],720575940620731631,CB1076,Ach,Ach,Ach,,,,
B1-5_R5,B1-5,B1-5_L5,B1-5,[104645  61439   2141],720575940616633925,CB2521,Ach,Ach,Ach,,,,
B1-5_R6,B1-5,B1-5_L6,B1-5,[103683  59774   1531],720575940630277175,CB1702,Ach,Ach,Ach,,,,
B1-5_R7,B1-5,B1-5_L7,B1-5,[101006  62289   1437],720575940628016983,CB3581,Ach,Ach,Ach,,,,
B1-5_R8,B1-5,B1-5_L8,B1-5,[101302  66736   1487],720575940646400644,CB2153,Ach,Ach,Ach,,,,
B1-5_R9,B1-5,B1-5_L9,B1-5,[102113  63801   1429],720575940627455621,CB3588,Ach,Ach,Ach,,,,
B1-5_R10,B1-5,B1-5_L10,B1-5,[103304  61166   1658],720575940623233238,CB1076,Ach,Ach,Ach,,,,
B1-5_R11,B1-5,B1-5_L11,B1-5,[102839  63789   1709],720575940621800798,CB3710,Ach,Ach,Ach,,,,
B1-5_R12,B1-5,B1-5_L12,B1-5,[100544  63562   1557],720575940617882397,CB3710,Ach,Ach,Ach,,,,
B1-5_R13,B1-5,B1-5_L13,B1-5,[102190  63907   1639],720575940622577336,CB1076,Ach,Ach,Ach,,,,
B1-u_L2,B1,B1-6_R1,B1-6,[160521  66145    834],720575940612153086,CB3692,Ach,Ach,Ach,,,,
B1-u_L4,B1,B1-6_R2,B1-6,[160975  62356    688],720575940621339686,CB3437,Ach,Ach,Ach,,,,
B1-u_L7,B1,B1-6_R3,B1-6,[156634  69257   1082],720575940632829507,CB1702,Ach,Ach,Ach,,,,
B1-u_L8,B1,B1-6_R4,B1-6,[158323  68097    860],720575940611388141,CB3673,Ach,Ach,Ach,,,,
B1-u_L20,B1,B1-6_R5,B1-6,[159513  66239    728],720575940630131218,CB3673,Ach,Ach,Ach,,,,
B1-u_L24,B1,B1-6_R6,B1-6,[161139  64150    720],720575940625454596,CB3437,Ach,Ach,Ach,,,,
B1-u_R1,B1,B1-6_L1,B1-6,[102336  59934   1516],720575940626153488,CB3673,Ach,Ach,Ach,,,,
B1-u_R2,B1,B1-6_L2,B1-6,[103150  60752   1488],720575940646341486,CB3673,Ach,Ach,Ach,,,,
B1-u_R4,B1,B1-6_L3,B1-6,[102266  62098   1498],720575940629063418,CB3533,Ach,Ach,Ach,,,,
B1-u_R6,B1,B1-6_L4,B1-6,[101063  59951   1355],720575940644072483,CB3533,Ach,Ach,Ach,,,,
B1-u_R14,B1,B1-6_L5,B1-6,[102606  61890   1928],720575940625483962,CB3692,Ach,Ach,Ach,,,,
B1-u_R20,B1,B1-6_L6,B1-6,[101668  60673   1457],720575940607570185,CB3437,Ach,Ach,Ach,,,,
B1-u_L10,B1,B1-7_R1,B1-7,[157973  71710    867],720575940634606693,CB2556,Ach,Ach,Ach,,,,
B1-u_L13,B1,B1-7_R2,B1-7,[161166  63995    803],720575940619034806,CB2789,Ach,Ach,Ach,,,,
B1-u_L14,B1,B1-7_R3,B1-7,[158924  72715    988],720575940611988391,CB2475,Ach,Ach,Ach,,,,
B1-u_L16,B1,B1-7_R4,B1-7,[160410  69740    855],720575940613422860,CB2789,Ach,Ach,Ach,,,,
B1-u_L18,B1,B1-7_R5,B1-7,[158657  66948   1061],720575940608035374,CB2556,Ach,Ach,Ach,,,,
,put_B1,B1-7_R6,B1-7,,720575940626798101,CB3581,Ach,Ach,Ach,,,,
B1-u_R5,B1,B1-7_L1,B1-7,[100421  62165   1361],720575940659098241,CB3646,Ach,Ach,Ach,,,,
B1-u_R7,B1,B1-7_L2,B1-7,[102241  62723   1367],720575940603195494,CB3646,Ach,Ach,Ach,,,,
B1-u_R10,B1,B1-7_L3,B1-7,[100979  67596   1472],720575940630028359,CB2789,Ach,Ach,Ach,,,,
B1-u_R11,B1,B1-7_L4,B1-7,[102613  63657   1843],720575940634701407,CB2789,Ach,Ach,Ach,,,,
B1-u_R12,B1,B1-7_L5,B1-7,[101756  65978   1441],720575940622004106,CB2475,Ach,Ach,Ach,,,,
B1-u_R15,B1,B1-7_L6,B1-7,[103832  64363   1400],720575940615226086,CB3631,Ach,Ach,Ach,,,,
B1-u_R16,B1,B1-7_L7,B1-7,[101648  63469   1749],720575940632084705,CB2556,Ach,Ach,Ach,,,,
B1-u_R19,B1,B1-7_L8,B1-7,[101820  66072   1607],720575940622778820,CB2556,Ach,Ach,Ach,,,,
B1-u_L1,B1,B1-u_R1,B1-u,[157860  67324   1460],720575940624795017,CB1078,Ach,Ach,Ach,,,,
B1-u_L5,B1,B1-u_R2,B1-u,[160163  70057   1041],720575940609648395,CB2556,Ach,Ach,Ach,,,,
B1-u_L6,B1,B1-u_R3,B1-u,[159003  69918    905],720575940627235386,CB2556,Ach,Ach,Ach,,,,
B1-u_L9,B1,B1-u_R4,B1-u,[159503  67281    714],720575940624878602,CB3581,Ach,Ach,Ach,,,,
B1-u_L11,B1,B1-u_R5,B1-u,[157597  68583   1401],720575940615408059,CB1542,Ach,Ach,Ach,,,,
B1-u_L12,B1,B1-u_R6,B1-u,[158722  67313    719],720575940621815766,CB3533,Ach,Ach,Ach,,,,
B1-u_L15,B1,B1-u_R7,B1-u,[159825  68986    713],720575940622168088,CB3437,Ach,Ach,Ach,,,,
B1-u_L17,B1,B1-u_R8,B1-u,[158942  66986    861],720575940624109464,CB2558,Ach,Ach,Ach,,,,
B1-u_L19,B1,B1-u_R9,B1-u,[157685  67577    812],720575940632122464,CB2558,Ach,Ach,Ach,,,,
B1-u_L21,B1,B1-u_R10,B1-u,[158628  64847    739],720575940634915576,CB2558,Ach,Ach,Ach,,,,
B1-u_L22,B1,B1-u_R11,B1-u,[159379  64833    801],720575940623873829,CB2558,Ach,Ach,Ach,,,,
B1-u_L23,B1,B1-u_R12,B1-u,[158366  65687    746],720575940644345652,CB2558,Ach,Ach,Ach,,,,
put_B1_L,put_B1,B1-u_R13,B1-u,,720575940635054072,CB1078,Ach,Ach,Ach,,,,
put_B1_L,put_B1,B1-u_R14,B1-u,,720575940637687605,CB3631,Ach,Ach,Ach,,,,
B1-u_R3,B1,B1-u_L1,B1-u,[104176  64197   1991],720575940624872179,CB1078,Ach,Ach,Ach,,,,
B1-u_R8,B1,B1-u_L2,B1-u,[103766  64138   1808],720575940618524481,CB2556,Ach,Ach,Ach,,,,
B1-u_R9,B1,B1-u_L3,B1-u,[102146  62456   1564],720575940639696755,CB2558,Ach,Ach,Ach,,,,
B1-u_R13,B1,B1-u_L4,B1-u,[102787  61219   1551],720575940603616800,CB2558,Ach,Ach,Ach,,,,
B1-u_R17,B1,B1-u_L5,B1-u,[103676  62156   1588],720575940624245946,CB2558,Ach,Ach,Ach,,,,
B1-u_R18,B1,B1-u_L6,B1-u,[101856  59128   1401],720575940623735482,CB2558,Ach,Ach,Ach,,,,
put_B1_R,put_B1,B1-u_L7,B1-u,,720575940621575774,CB2558,Ach,Ach,Ach,,,,
put_B1_R,put_B1,B1-u_L8,B1-u,,720575940610638434,CB1078,Ach,Ach,Ach,,,,
B2_L1,B2,B2_R1,B2,[160204  80806   3169],720575940624700138,CB0090,Inconclusive,GABA,GABA,,,,
B2_L2,B2,B2_R2,B2,[158878  81031   3274],720575940620012253,CB0758,Inconclusive,GABA,GABA,,,,
B2_L3,B2,B2_R3,B2,[158566  81114   3427],720575940611597298,CB0758,GABA,GABA,GABA,,,,
B2_R1,B2,B2_L1,B2,[105811  77970   3852],720575940625984528,CB0758,Inconclusive,GABA,GABA,,,,
B2_R2,B2,B2_L2,B2,[106942  78483   3931],720575940629065154,CB0758,Inconclusive,GABA,GABA,,,,
B2_R3,B2,B2_L3,B2,[101810  75615   3854],720575940613311151,CB0090,GABA,GABA,GABA,,,,
GF_L,GF,GF_R,GF,[158798  46375   4782],720575940632499757,DNp01,Inconclusive,Inconclusive,Inconclusive,,,,
GF_R,GF,GF_L,GF,[110963  50581   5252],720575940622838154,DNp01,Inconclusive,Inconclusive,Inconclusive,,,,
WED-VLP-1_L1,WED-VLP-1,WED-VLP-1_R1,WED-VLP-1,[174858  67282   1310],720575940641359776,CB2108,Ach,Ach,Ach,,,,
WED-VLP-1_L2,WED-VLP-1,WED-VLP-1_R2,WED-VLP-1,[173924  67326   1226],720575940609927141,CB2108,Ach,Ach,Ach,,,,
WED-VLP-1_L3,WED-VLP-1,WED-VLP-1_R3,WED-VLP-1,[171909  68427   1139],720575940618833840,CB2108,Ach,Ach,Ach,,,,
WED-VLP-1_L4,WED-VLP-1,WED-VLP-1_R4,WED-VLP-1,[173259  68031   1263],720575940620392984,CB3234,Ach,Ach,Ach,,,,
WED-VLP-1_L5,WED-VLP-1,WED-VLP-1_R5,WED-VLP-1,[174767  70116   1435],720575940621308341,CB2108,Ach,Ach,Ach,,,,
WED-VLP-1_L6,WED-VLP-1,WED-VLP-1_R6,WED-VLP-1,[173988  68598   1349],720575940625989904,CB2108,Ach,Ach,Ach,,,,
WED-VLP-1_L7,WED-VLP-1,WED-VLP-1_R7,WED-VLP-1,[173952  69257   1436],720575940616611382,CB2108,Ach,Ach,Ach,,,,
WED-VLP-1_L8,WED-VLP-1,WED-VLP-1_R8,WED-VLP-1,[175234  69647   1542],720575940619785566,CB3234,Ach,Ach,Ach,,,,
put_WED-VLP-1_L1,put_WED-VLP,WED-VLP-1_R9,WED-VLP-1,,720575940619784453,CB2108,Ach,Ach,Ach,,,,
put_WED-VLP-1_L2,put_WED-VLP,WED-VLP-1_R10,WED-VLP-1,,720575940631922969,CB3377,Ach,Ach,Ach,,,,
,put_WED-VLP,WED-VLP-1_R11,WED-VLP-1,,720575940623304906,CB2108,Ach,Ach,Ach,,,,
WED-VLP-1_R1,WED-VLP-1,WED-VLP-1_L1,WED-VLP-1,[84822 61834  2373],720575940619249031,CB2108,Ach,Ach,Ach,,,,
WED-VLP-1_R2,WED-VLP-1,WED-VLP-1_L2,WED-VLP-1,[84878 62540  2410],720575940649911286,CB2108,Ach,Ach,Ach,,,,
WED-VLP-1_R3,WED-VLP-1,WED-VLP-1_L3,WED-VLP-1,[85218 64641  2505],720575940623787495,CB2449,Ach,Ach,Ach,,,,
WED-VLP-1_R4,WED-VLP-1,WED-VLP-1_L4,WED-VLP-1,[84971 63471  2636],720575940627174247,CB2108,Ach,Ach,Ach,,,,
WED-VLP-1_R5,WED-VLP-1,WED-VLP-1_L5,WED-VLP-1,[84169 62722  2510],720575940629954724,CB2108,Ach,Ach,Ach,,,,
WED-VLP-1_R6,WED-VLP-1,WED-VLP-1_L6,WED-VLP-1,[84977 64155  2577],720575940641400224,CB2108,Ach,Ach,Ach,,,,
WED-VLP-1_R7,WED-VLP-1,WED-VLP-1_L7,WED-VLP-1,[85527 62507  2347],720575940623547685,CB3234,Ach,Ach,Ach,,,,
WED-VLP-1_R8,WED-VLP-1,WED-VLP-1_L8,WED-VLP-1,[86038 62024  2288],720575940603186790,CB3234,Ach,Ach,Ach,,,,
put_WED-VLP-1_R1,put_WED-VLP,WED-VLP-1_L9,WED-VLP-1,,720575940621447077,CB2108,Ach,Ach,Ach,,,,
put_WED-VLP-1_R2,put_WED-VLP,WED-VLP-1_L10,WED-VLP-1,,720575940622969528,CB3377,Ach,Ach,Ach,,,,
put_WED-VLP-1_R3,put_WED-VLP,WED-VLP-1_L11,WED-VLP-1,,720575940632157631,CB3377,Ach,Ach,Ach,,,,
WED-VLP-2_L1,WED-VLP-2,WED-VLP-2_R1,WED-VLP-2,[171876  74413   1694],720575940627350060,CB2449,Ach,Ach,Ach,,,,
WED-VLP-2_L2,WED-VLP-2,WED-VLP-2_R2,WED-VLP-2,[171872  66369   1067],720575940632649567,CB1206,Ach,Ach,Ach,,,,
WED-VLP-2_L4,WED-VLP-2,WED-VLP-2_R3,WED-VLP-2,[174923  68868   1369],720575940622609678,CB1206,Ach,Ach,Ach,,,,
WED-VLP-2_L5,WED-VLP-2,WED-VLP-2_R4,WED-VLP-2,[173819  68710   1288],720575940617117656,CB2449,Ach,Ach,Ach,,,,
WED-VLP-2_L6,WED-VLP-2,WED-VLP-2_R5,WED-VLP-2,[173135  71767   1571],720575940609927653,CB1206,Ach,Ach,Ach,,,,
WED-VLP-2_R1,WED-VLP-2,WED-VLP-2_L1,WED-VLP-2,[84936 62847  2526],720575940634126949,CB2449,Ach,Ach,Ach,,,,
WED-VLP-2_R2,WED-VLP-2,WED-VLP-2_L2,WED-VLP-2,[86263 61817  2353],720575940634126478,CB1206,Ach,Ach,Ach,,,,
WED-VLP-2_R3,WED-VLP-2,WED-VLP-2_L3,WED-VLP-2,[84751 60025  2346],720575940622699196,CB2449,Ach,Ach,Ach,,,,
WED-VLP-2_R5,WED-VLP-2,WED-VLP-2_L4,WED-VLP-2,[86616 64248  2451],720575940613943413,CB2449,Ach,Ach,Ach,,,,
put_WED-VLP-1_R4,put_WED-VLP,WED-VLP-2_L5,WED-VLP-2,,720575940630744019,CB1206,Ach,Ach,Ach,,,,
WV-WV-1_1,WV-WV-1,WV-WV-1_1,WV-WV-1,[133609  82755   5074],720575940623322877,CB3881,GABA,GABA,GABA,,,,
WV-WV-1_2,WV-WV-1,WV-WV-1_2,WV-WV-1,[132942  84290   4984],720575940622123981,CB3911,GABA,-,GABA,,,,
WV-WV-1_3,WV-WV-1,WV-WV-1_3,WV-WV-1,[132191  87461   4915],720575940635330204,CB3882,GABA,GABA,GABA,,,,
WV-WV-2_1,WV-WV-2,WV-WV-2_1,WV-WV-2,[133206  85176   5147],720575940605095346,CB3915,GABA,-,GABA,,,,
WV-WV-2_2,WV-WV-2,WV-WV-2_2,WV-WV-2,[131550  83486   5265],720575940634571383,CB3914,GABA,-,GABA,,,,
WV-WV-2_3,WV-WV-2,WV-WV-2_3,WV-WV-2,[128711  88629   5199],720575940620835327,CB3915,GABA,,GABA,,,,
WV-WV-2_4,WV-WV-2,WV-WV-2_4,WV-WV-2,[131147  83857   5169],720575940625345328,CB3913,GABA,-,GABA,,,,
WV-WV-2_5,WV-WV-2,WV-WV-2_5,WV-WV-2,[132956  75199   5668],720575940621148660,CB3880,GABA,GABA,GABA,,,,
WV-WV-2_6,WV-WV-2,WV-WV-2_6,WV-WV-2,[132865  81467   5177],720575940618342966,CB3880,GABA,GABA,GABA,,,,
WV-WV-3_1,WV-WV-3,WV-WV-3_1,WV-WV-3,[129284  88337   4812],720575940639811469,CB3877,Inconclusive,GABA,GABA,,,,
WV-WV-3_2,WV-WV-3,WV-WV-3_2,WV-WV-3,[133624  89026   4705],720575940603533246,CB3877,Inconclusive,GABA,GABA,,,,
WV-WV-3_3,WV-WV-3,WV-WV-3_3,WV-WV-3,[131425  89771   4990],720575940632945177,CB3878,Inconclusive,-,GABA,,,,
WV-WV-3_5,WV-WV-3,WV-WV-3_4,WV-WV-3,[131911  88077   4665],720575940627201579,CB3877,Inconclusive,GABA,GABA,,,,
WV-WV-3_6,WV-WV-3,WV-WV-3_5,WV-WV-3,[129090  88642   4964],720575940621717469,CB4161,GABA,-,GABA,,,,
WV-WV-3_7,WV-WV-3,WV-WV-3_6,WV-WV-3,[132523  88721   4999],720575940605214636,CB3876,GABA,-,GABA,,,,
WV-WV-3_8,WV-WV-3,WV-WV-3_7,WV-WV-3,[131607  88377   4817],720575940604201830,CB3875,Inconclusive,GABA,GABA,,,,
WV-WV-3_4,WV-WV-3,WV-WV-4_1,WV-WV-4,[133282  82455   5312],720575940609513841,CB4045,GABA,-,GABA,,,,
WV-WV-3_9,WV-WV-3,WV-WV-4_2,WV-WV-4,[132177  87803   5104],720575940641545888,CB4045,GABA,-,GABA,,,,
AVLP_pr01_L1,AVLP_pr01,AVLP_pr01-1_R1,AVLP_pr01-1,[179038  42950   3033],720575940619783518,CB2364,GABA,GABA,GABA,,,,
AVLP_pr01_L2,AVLP_pr01,AVLP_pr01-1_R2,AVLP_pr01-1,[180636  42124   3173],720575940620062633,CB1614,GABA,GABA,GABA,,,,
AVLP_pr01_L3,AVLP_pr01,AVLP_pr01-1_R3,AVLP_pr01-1,[183717  37839   3271],720575940602914988,CB2364,GABA,GABA,GABA,,,,
AVLP_pr01_L5,AVLP_pr01,AVLP_pr01-1_R4,AVLP_pr01-1,[179273  44576   3243],720575940620195719,CB2364,GABA,GABA,GABA,,,,
AVLP_pr01_L6,AVLP_pr01,AVLP_pr01-1_R5,AVLP_pr01-1,[178914  43768   3080],720575940634508174,CB2364,GABA,GABA,GABA,,,,
AVLP_pr01_R1,AVLP_pr01,AVLP_pr01-1_L1,AVLP_pr01-1,[81848 36425  3922],720575940628489516,CB1614,GABA,GABA,GABA,,,,
AVLP_pr01_R2,AVLP_pr01,AVLP_pr01-1_L2,AVLP_pr01-1,[81211 38564  4039],720575940622065432,CB2364,GABA,GABA,GABA,,,,
AVLP_pr01_R3,AVLP_pr01,AVLP_pr01-1_L3,AVLP_pr01-1,[80552 38772  4013],720575940631425965,CB2364,GABA,GABA,GABA,,,,
AVLP_pr01_R6,AVLP_pr01,AVLP_pr01-1_L4,AVLP_pr01-1,[81027 37782  4056],720575940623987982,CB2364,GABA,GABA,GABA,,,,
AVLP_pr01_R8,AVLP_pr01,AVLP_pr01-1_L5,AVLP_pr01-1,[90887 42091  3609],720575940629283659,CB2364,GABA,GABA,GABA,,,,
AVLP_pr01_L4,AVLP_pr01,AVLP_pr01-2_R1,AVLP_pr01-2,[179652  40717   2989],720575940630353682,CB2114,GABA,GABA,GABA,,,,
AVLP_pr01_L7,AVLP_pr01,AVLP_pr01-2_R2,AVLP_pr01-2,[179301  44930   3405],720575940627642818,CB2114,GABA,GABA,GABA,,,,
AVLP_pr01_L8,AVLP_pr01,AVLP_pr01-2_R3,AVLP_pr01-2,[178177  44482   3086],720575940609014370,AVLP006b,GABA,GABA,GABA,,,,
,put_AVLP_pr01,AVLP_pr01-2_R4,AVLP_pr01-2,,720575940632670434,CB2253,GABA,-,GABA,,,,
AVLP_pr01_R4,AVLP_pr01,AVLP_pr01-2_L1,AVLP_pr01-2,[79881 36267  4067],720575940626042499,CB2114,GABA,GABA,GABA,,,,
AVLP_pr01_R5,AVLP_pr01,AVLP_pr01-2_L2,AVLP_pr01-2,[83381 39091  3976],720575940620929416,CB2253,GABA,-,GABA,,,,
AVLP_pr01_R7,AVLP_pr01,AVLP_pr01-2_L3,AVLP_pr01-2,[82035 37714  3965],720575940603683505,CB2253,GABA,-,GABA,,,,
AVLP_pr01_R9,AVLP_pr01,AVLP_pr01-2_L4,AVLP_pr01-2,[79305 37880  4079],720575940621713672,AVLP006b,GABA,GABA,GABA,,,,
AVLP_pr01_L9,AVLP_pr01,AVLP_pr01-3_R,AVLP_pr01-3,[183216  39161   3267],720575940607055061,AVLP006a,GABA,GABA,GABA,,,,
AVLP_pr01_R10,AVLP_pr01,AVLP_pr01-3_L,AVLP_pr01-3,[79769 38616  4113],720575940627709801,AVLP006a,GABA,GABA,GABA,,,,
AVLP_pr02_L1,AVLP_pr02,AVLP_pr02_R1,AVLP_pr02,[184204  37572   3050],720575940644319796,aSP8,GABA,GABA,GABA,,,,
AVLP_pr02_L2,AVLP_pr02,AVLP_pr02_R2,AVLP_pr02,[182748  39776   3342],720575940619583749,AVLP009,GABA,GABA,GABA,,,,
AVLP_pr02_L3,AVLP_pr02,AVLP_pr02_R3,AVLP_pr02,[184651  37702   3068],720575940636504553,aSP8,GABA,GABA,GABA,,,,
AVLP_pr02_R1,AVLP_pr02,AVLP_pr02_L1,AVLP_pr02,[79582 34259  3994],720575940610558357,aSP8,GABA,GABA,GABA,,,,
AVLP_pr02_R2,AVLP_pr02,AVLP_pr02_L2,AVLP_pr02,[79359 35993  3861],720575940630087542,aSP8,GABA,GABA,GABA,,,,
AVLP_pr02_R3,AVLP_pr02,AVLP_pr02_L3,AVLP_pr02,[78955 33621  4049],720575940617390027,AVLP009,GABA,GABA,GABA,,,,
WED_pr01_L1,WED_pr01,WED_pr01-1_R1,WED_pr01-1,[172459  39610   4614],720575940623621157,WED091,Ach,-,Ach,,,,
WED_pr01_L2,WED_pr01,WED_pr01-1_R2,WED_pr01-1,[175209  40534   4428],720575940624875018,CB1533,Ach,Ach,Ach,,,,
WED_pr01_L3,WED_pr01,WED_pr01-1_R3,WED_pr01-1,[173225  41163   4641],720575940624314468,CB1675,Ach,Ach,Ach,,,,
WED_pr01_L4,WED_pr01,WED_pr01-1_R4,WED_pr01-1,[174757  41177   4483],720575940616612313,WED089,Ach,-,Ach,,,,
WED_pr01_L6,WED_pr01,WED_pr01-1_R5,WED_pr01-1,[172830  41947   4735],720575940626228329,CB1675,Ach,Ach,Ach,,,,
WED_pr01_R2,WED_pr01,WED_pr01-1_L1,WED_pr01-1,[93324 35900  5152],720575940624473918,WED089,Ach,-,Ach,,,,
WED_pr01_R3,WED_pr01,WED_pr01-1_L2,WED_pr01-1,[92481 38078  5215],720575940632303807,WED091,Ach,-,Ach,,,,
WED_pr01_R4,WED_pr01,WED_pr01-1_L3,WED_pr01-1,[96610 39203  5298],720575940622529574,CB1675,Ach,Ach,Ach,,,,
,put_WED_pr01,WED_pr01-1_L4,WED_pr01-1,,720575940619491828,CB1533,Ach,Ach,Ach,,,,
,put_WED_pr01,WED_pr01-1_L5,WED_pr01-1,,720575940621558762,CB1675,Ach,Ach,Ach,,,,
WED_pr01_L5,WED_pr01,WED_pr01-2_R1,WED_pr01-2,[175653  41257   4433],720575940628584783,CB1818,Ach,Ach,Ach,,,,
,put_WED_pr01,WED_pr01-2_R2,WED_pr01-2,,720575940628038906,CB1818,Ach,Ach,Ach,,,,
put_WED_pr01_R1,put_WED_pr01,WED_pr01-2_R3,WED_pr01-2,,720575940638666473,CB1818,Ach,Ach,Ach,,,,
GNG_pr01_L2,GNG_pr01,GNG_pr01-1_R1,GNG_pr01-1,[157876  76292   3964],720575940629687824,cM19,GABA,GABA,GABA,,,,
put_GNG_pr01_L2,put_GNG_pr01,GNG_pr01-1_R2,GNG_pr01-1,,720575940655398817,cM19,GABA,GABA,GABA,,,,
put_GNG_pr01_L3,put_GNG_pr01,GNG_pr01-1_R3,GNG_pr01-1,,720575940630203589,cM19,GABA,GABA,GABA,,,,
GNG_pr01_R1,GNG_pr01,GNG_pr01-1_R4,GNG_pr01-1,[157399  76989   4069],720575940615966943,cM19,GABA,GABA,GABA,,,,
GNG_pr01_R4,GNG_pr01,GNG_pr01-1_L1,GNG_pr01-1,[102817  49949   2031],720575940635520489,cM19,GABA,GABA,GABA,,,,
GNG_pr01_R5,GNG_pr01,GNG_pr01-1_L2,GNG_pr01-1,[104161  50253   2079],720575940625778428,cM19,GABA,GABA,GABA,,,,
GNG_pr01_R6,GNG_pr01,GNG_pr01-1_L3,GNG_pr01-1,[104670  49219   2141],720575940628869391,cM19,GABA,GABA,GABA,,,,
put_GNG_pr01_R1,put_GNG_pr01,GNG_pr01-1_L4,GNG_pr01-1,,720575940617641077,cM19,GABA,GABA,GABA,,,,
GNG_pr01_L1,GNG_pr01,GNG_pr01-2_R1,GNG_pr01-2,[157251  53651   1287],720575940619615770,cM19,GABA,GABA,GABA,,,,
GNG_pr01_L3,GNG_pr01,GNG_pr01-2_R2,GNG_pr01-2,[156823  53505   1406],720575940621429757,cM19,GABA,GABA,GABA,,,,
put_GNG_pr01_L1,put_GNG_pr01,GNG_pr01-2_R3,GNG_pr01-2,,720575940612801022,cM19,GABA,GABA,GABA,,,,
GNG_pr01_R2,GNG_pr01,GNG_pr01-2_L1,GNG_pr01-2,[98692 50609  1908],720575940641626056,cM19,GABA,GABA,GABA,,,,
put_GNG_pr01_R2,put_GNG_pr01,GNG_pr01-2_L2,GNG_pr01-2,,720575940630571068,cM19,GABA,GABA,GABA,,,,
AVLP_pr22_L9,AVLP_pr22,AVLP_pr22_R1,AVLP_pr22,[173011  60888   1013],720575940630622803,CB1377,Ach,Ach,Ach,,,,
AVLP_pr22_L13,AVLP_pr22,AVLP_pr22_R2,AVLP_pr22,[170359  53226   1057],720575940613530636,CB1875,Ach,Ach,Ach,,,,
put_AVLP_pr22_L2,put_AVLP_pr22,AVLP_pr22_R3,AVLP_pr22,,720575940611713634,CB1875,Ach,Ach,Ach,,,,
AVLP_pr22_L6,AVLP_pr22,AVLP_pr22_R4,AVLP_pr22,[174319  49350   1409],720575940618003672,CB2006,Ach,Ach,Ach,,,,
,put_AVLP_pr22,AVLP_pr22_L1,AVLP_pr22,,720575940639256704,CB1377,Ach,Ach,Ach,,,,
put_AVLP_pr22_R5,put_AVLP_pr22,AVLP_pr22_L2,AVLP_pr22,,720575940627660905,CB1875,Ach,Ach,Ach,,,,
put_AVLP_pr22_R6,put_AVLP_pr22,AVLP_pr22_L3,AVLP_pr22,,720575940633613026,CB1875,Ach,Ach,Ach,,,,
AVLP_pr22_R10,AVLP_pr22,AVLP_pr22_L4,AVLP_pr22,[92848 43138  2377],720575940632527571,CB2006,Ach,Ach,Ach,,,,
,put_AVLP_pr22,AVLP_pr22_L5,AVLP_pr22,,720575940613917042,CB2006,Ach,Ach,Ach,,,,
IPS/WED_pr01_L1,IPS/WED_pr01,IPS/WED_pr01_R1,IPS/WED_pr01,[163000  80983   3033],720575940616420150,WED057,GABA,GABA,GABA,,,,
IPS/WED_pr01_L2,IPS/WED_pr01,IPS/WED_pr01_R2,IPS/WED_pr01,[165784  82396   2818],720575940632184928,WED057,GABA,GABA,GABA,,,,
IPS/WED_pr01_L3,IPS/WED_pr01,IPS/WED_pr01_R3,IPS/WED_pr01,[166253  80799   2693],720575940612975007,WED057,GABA,GABA,GABA,,,,
IPS/WED_pr01_L4,IPS/WED_pr01,IPS/WED_pr01_R4,IPS/WED_pr01,[164829  81269   2752],720575940642686999,WED057,GABA,GABA,GABA,,,,
IPS/WED_pr01_L5,IPS/WED_pr01,IPS/WED_pr01_R5,IPS/WED_pr01,[165889  81473   2696],720575940630049617,WED057,GABA,GABA,GABA,,,,
IPS/WED_pr01_L6,IPS/WED_pr01,IPS/WED_pr01_R6,IPS/WED_pr01,[166628  82569   2744],720575940615768861,WED057,GABA,GABA,GABA,,,,
IPS/WED_pr01_L7,IPS/WED_pr01,IPS/WED_pr01_R7,IPS/WED_pr01,[165154  81666   2841],720575940630622509,WED057,GABA,GABA,GABA,,,,
put_IPS/WED_pr01_L1,put_IPS/WED_pr01,IPS/WED_pr01_R8,IPS/WED_pr01,,720575940631968855,WED057,GABA,GABA,GABA,,,,
put_IPS/WED_pr01_L2,put_IPS/WED_pr01,IPS/WED_pr01_R9,IPS/WED_pr01,,720575940615906388,WED057,GABA,GABA,GABA,,,,
put_IPS/WED_pr01_L2,put_IPS/WED_pr01,IPS/WED_pr01_R10,IPS/WED_pr01,,720575940626096138,WED057,GABA,GABA,GABA,,,,
put_IPS/WED_pr01_L2,put_IPS/WED_pr01,IPS/WED_pr01_R11,IPS/WED_pr01,,720575940625799950,WED057,GABA,GABA,GABA,,,,
IPS/WED_pr01_R1,IPS/WED_pr01,IPS/WED_pr01_L1,IPS/WED_pr01,[99586 76253  3671],720575940615236582,WED057,GABA,GABA,GABA,,,,
IPS/WED_pr01_R2,IPS/WED_pr01,IPS/WED_pr01_L2,IPS/WED_pr01,[96958 74180  3636],720575940609291214,WED057,GABA,GABA,GABA,,,,
IPS/WED_pr01_R3,IPS/WED_pr01,IPS/WED_pr01_L3,IPS/WED_pr01,[98099 74515  3330],720575940623802298,WED057,GABA,GABA,GABA,,,,
IPS/WED_pr01_R4,IPS/WED_pr01,IPS/WED_pr01_L4,IPS/WED_pr01,[97499 73967  3339],720575940629211960,WED057,GABA,GABA,GABA,,,,
IPS/WED_pr01_R5,IPS/WED_pr01,IPS/WED_pr01_L5,IPS/WED_pr01,[95239 74925  3521],720575940618225030,WED057,GABA,GABA,GABA,,,,
IPS/WED_pr01_R6,IPS/WED_pr01,IPS/WED_pr01_L6,IPS/WED_pr01,[107115  69973   3719],720575940625391397,WED057,GABA,GABA,GABA,,,,
put_IPS/WED_pr01_R1,put_IPS/WED_pr01,IPS/WED_pr01_L7,IPS/WED_pr01,,720575940616708108,WED057,GABA,GABA,GABA,,,,
put_IPS/WED_pr01_R2,put_IPS/WED_pr01,IPS/WED_pr01_L8,IPS/WED_pr01,,720575940619233812,WED057,GABA,GABA,GABA,,,,
put_IPS/WED_pr01_R3,put_IPS/WED_pr01,IPS/WED_pr01_L9,IPS/WED_pr01,,720575940625344529,WED057,GABA,GABA,GABA,,,,
put_IPS/WED_pr01_R4,put_IPS/WED_pr01,IPS/WED_pr01_L10,IPS/WED_pr01,,720575940625779655,WED057,GABA,GABA,GABA,,,,
AVLP_pr31_L1,AVLP_pr31,AVLP_pr31_R1,AVLP_pr31,[175810  70811   1842],720575940634709872,CB2593,Ach,Ach,Ach,,,,
put_AVLP_pr31_L1,put_AVLP_pr31,AVLP_pr31_R2,AVLP_pr31,,720575940607254723,CB1730,Ach,Ach,Ach,,,,
put_AVLP_pr31_L2,put_AVLP_pr31,AVLP_pr31_R3,AVLP_pr31,,720575940619590081,CB2510,Ach,Ach,Ach,,,,
put_AVLP_pr31_L6,put_AVLP_pr31,AVLP_pr31_R4,AVLP_pr31,,720575940620801304,CB2510,Ach,Ach,Ach,,,,
put_AVLP_pr31_L3,put_AVLP_pr31,AVLP_pr31_R5,AVLP_pr31,,720575940622754756,CB2593,Ach,Ach,Ach,,,,
AVLP_pr31_L6,AVLP_pr31,AVLP_pr31_R6,AVLP_pr31,[175732  70390   1601],720575940627952207,CB2593,Ach,Ach,Ach,,,,
AVLP_pr31_R6,AVLP_pr31,AVLP_pr31_L1,AVLP_pr31,[86388 66292  2911],720575940611694545,CB2593,Ach,Ach,Ach,,,,
put_AVLP_pr31_R6,put_AVLP_pr31,AVLP_pr31_L2,AVLP_pr31,,720575940627827450,CB2593,Ach,Ach,Ach,,,,
AVLP_pr32_R1,AVLP_pr32,AVLP_pr32_L1,AVLP_pr32,[85686 68418  3078],720575940648981881,CB2510,Ach,Ach,Ach,,,,
AVLP_pr32_R2,AVLP_pr32,AVLP_pr32_L2,AVLP_pr32,[86774 67780  2808],720575940610929379,CB1730,Ach,Ach,Ach,,,,
AVLP_pr32_R3,AVLP_pr32,AVLP_pr32_L3,AVLP_pr32,[84357 67796  3103],720575940617353433,CB1730,Ach,Ach,Ach,,,,
SAD_pr02_L1,sad_pr0,SAD_pr02_R1,SAD_pr02,[167836  82213   2745],720575940621324996,CB1065,Inconclusive,GABA,GABA,,,,
SAD_pr02_L2,SAD_pr02,SAD_pr02_R2,SAD_pr02,[165531  79142   2514],720575940617197057,CB3024,GABA,GABA,GABA,,,,
SAD_pr02_L3,SAD_pr02,SAD_pr02_R3,SAD_pr02,[166901  82585   2943],720575940617884736,CB3105,GABA,GABA,GABA,,,,
SAD_pr02_L4,SAD_pr02,SAD_pr02_R4,SAD_pr02,[165384  81930   2951],720575940630659446,CB1969,GABA,GABA,GABA,,,,
put_SAD_pr02_L1,put_SAD_pr02,SAD_pr02_R5,SAD_pr02,,720575940615868485,CB1065,Inconclusive,GABA,GABA,,,,
put_SAD_pr02_L3,put_SAD_pr02,SAD_pr02_R6,SAD_pr02,,720575940612338674,CB1969,GABA,GABA,GABA,,,,
put_SAD_pr02_L4,put_SAD_pr02,SAD_pr02_R7,SAD_pr02,,720575940623292713,CB3105,GABA,GABA,GABA,,,,
SAD_pr02_R1,SAD_pr02,SAD_pr02_L1,SAD_pr02,[93823 73357  3282],720575940620910774,CB1198,GABA,GABA,GABA,,,,
SAD_pr02_R2,SAD_pr02,SAD_pr02_L2,SAD_pr02,[92739 73894  3308],720575940608432760,CB1942,GABA,GABA,GABA,,,,
SAD_pr02_R3,SAD_pr02,SAD_pr02_L3,SAD_pr02,[94091 75371  3245],720575940633040097,CB1969,GABA,GABA,GABA,,,,
SAD_pr02_R4,SAD_pr02,SAD_pr02_L4,SAD_pr02,[92634 73977  3199],720575940623090446,CB1942,GABA,GABA,GABA,,,,
SAD_pr02_R5,SAD_pr02,SAD_pr02_L5,SAD_pr02,[95352 73592  3268],720575940627939177,CB1198,GABA,GABA,GABA,,,,
SAD_pr02_R6,SAD_pr02,SAD_pr02_L6,SAD_pr02,[93799 74244  3267],720575940645497140,CB1942,GABA,GABA,GABA,,,,
SAD_pr02_R7,SAD_pr02,SAD_pr02_L7,SAD_pr02,[98329 74984  3497],720575940615625053,CB1198,GABA,GABA,GABA,,,,
SAD_pr02_R8,SAD_pr02,SAD_pr02_L8,SAD_pr02,[100128  75363   3386],720575940620859886,CB1198,GABA,GABA,GABA,,,,
SAD_pr02_R9,SAD_pr02,SAD_pr02_L9,SAD_pr02,[94683 73183  3313],720575940628846966,CB3024,GABA,GABA,GABA,,,,
SAD_pr02_R10,SAD_pr02,SAD_pr02_L10,SAD_pr02,[93459 73674  3315],720575940611335859,CB1969,GABA,GABA,GABA,,,,
AVLP_pr04_L1,AVLP_pr04,AVLP_pr04_R1,AVLP_pr04,[171240  48369   4726],720575940629513478,AVLP538,DA,SER,SER,,,,
AVLP_pr04_R1,AVLP_pr04,AVLP_pr04_L1,AVLP_pr04,[96182 50473  5263],720575940623113752,AVLP538,DA,SER,SER,,,,
AVLP_pr12_L1,AVLP_pr12,AVLP_pr12_R1,AVLP_pr12,[180916  58066   1700],720575940628333788,CL062_b,Ach,Ach,Ach,,,,
AVLP_pr12_L2,AVLP_pr12,AVLP_pr12_R2,AVLP_pr12,[172029  59412   1019],720575940620424472,CL062_a,Ach,Ach,Ach,,,,
AVLP_pr12_L3,AVLP_pr12,AVLP_pr12_R3,AVLP_pr12,[177917  58266   1457],720575940635130905,CL062_a,Ach,Ach,Ach,,,,
AVLP_pr12_L4,AVLP_pr12,AVLP_pr12_R4,AVLP_pr12,[176004  63247   1291],720575940626869403,CL062_b,Ach,Ach,Ach,,,,
AVLP_pr12_L5,AVLP_pr12,AVLP_pr12_R5,AVLP_pr12,[176059  64669   1407],720575940632011420,CL062_a,Ach,Ach,Ach,,,,
AVLP_pr12_L6,AVLP_pr12,AVLP_pr12_R6,AVLP_pr12,[179355  57797   1633],720575940637319134,CL062_b,Ach,Ach,Ach,,,,
,put_AVLP_pr12,AVLP_pr12_R7,AVLP_pr12,,720575940616650589,CL062_a,Ach,Ach,Ach,,,,
,put_AVLP_pr12,AVLP_pr12_R8,AVLP_pr12,,720575940624273395,CL062_a,Ach,Ach,Ach,,,,
,put_AVLP_pr12,AVLP_pr12_R9,AVLP_pr12,,720575940625194014,CL062_b,Ach,Ach,Ach,,,,
AVLP_pr12_R1,AVLP_pr12,AVLP_pr12_L1,AVLP_pr12,[85364 47673  2527],720575940614437462,CL062_b,Ach,Ach,Ach,,,,
AVLP_pr12_R2,AVLP_pr12,AVLP_pr12_L2,AVLP_pr12,[80507 47851  2916],720575940626885124,CL062_a,Ach,Ach,Ach,,,,
AVLP_pr12_R3,AVLP_pr12,AVLP_pr12_L3,AVLP_pr12,[84363 49911  2583],720575940637079667,CL062_b,Ach,Ach,Ach,,,,
AVLP_pr12_R4,AVLP_pr12,AVLP_pr12_L4,AVLP_pr12,[84769 48279  2539],720575940634371941,CL062_a,Ach,Ach,Ach,,,,
AVLP_pr12_R5,AVLP_pr12,AVLP_pr12_L5,AVLP_pr12,[84129 49094  2681],720575940608082990,CL062_b,Ach,Ach,Ach,,,,
AVLP_pr12_R6,AVLP_pr12,AVLP_pr12_L6,AVLP_pr12,[80095 47248  2902],720575940630037073,CL062_a,Ach,Ach,Ach,,,,
AVLP_pr12_R7,AVLP_pr12,AVLP_pr12_L7,AVLP_pr12,[79538 49052  2955],720575940606687957,CL062_a,Ach,Ach,Ach,,,,
put_AVLP/PVLP_pr01_L6,,AVLP/PVLP_pr01-1_R1,AVLP/PVLP_pr01-1,,720575940628071696,AVLP457,Ach,Ach,Ach,,,,
put_AVLP/PVLP_pr01_L7,,AVLP/PVLP_pr01-1_R2,AVLP/PVLP_pr01-1,,720575940618595894,AVLP457,Ach,Ach,Ach,,,,
AVLP/PVLP_pr01_R5,AVLP/PVLP_pr01,AVLP/PVLP_pr01-1_L,AVLP/PVLP_pr01-1,[113168  72733   1386],720575940613531295,AVLP457,Ach,Ach,Ach,,,,
put_AVLP/PVLP_pr01_R4,,AVLP/PVLP_pr01-2_R1,AVLP/PVLP_pr01-2,,720575940626258690,CB1498,Ach,-,Ach,,,,
put_AVLP/PVLP_pr01_R5,,AVLP/PVLP_pr01-2_R2,AVLP/PVLP_pr01-2,,720575940629144906,CB1498,Ach,-,Ach,,,,
put_AVLP/PVLP_pr01_R6,,AVLP/PVLP_pr01-2_R3,AVLP/PVLP_pr01-2,,720575940631799343,CB1498,Ach,-,Ach,,,,
AVLP/PVLP_pr01_R1,AVLP/PVLP_pr01,AVLP/PVLP_pr01-2_L1,AVLP/PVLP_pr01-2,[114362  72133   1374],720575940612975853,CB1498,Ach,-,Ach,,,,
AVLP/PVLP_pr01_R8,AVLP/PVLP_pr01,AVLPPVLP_pr01-2_L2,AVLP/PVLP_pr01-2,[112898  72822   1626],720575940634317724,CB1498,Ach,-,Ach,,,,
put_AVLP/PVLP_pr01_R1,put_AVLP/PVLP,AVLP/PVLP_pr01-2_L3,AVLP/PVLP_pr01-2,,720575940621752001,CB1498,Ach,-,Ach,,,,
AVLP_pr36_L1,AVLP_pr36,AVLP_pr36/asp10a-1_R1,AVLP_pr36/asp10a-1,[165638  60589    809],720575940632764883,CB3313,Ach,Ach,Ach,,,,
AVLP_pr36_L2,AVLP_pr36,AVLP_pr36/asp10a-1_R2,AVLP_pr36/asp10a-1,[166025  59546    720],720575940617362772,CB1783,Ach,Ach,Ach,,,,
AVLP_pr36_L3,AVLP_pr36,AVLP_pr36/asp10a-1_R3,AVLP_pr36/asp10a-1,[164459  62022    706],720575940620356557,CB1783,Ach,Ach,Ach,,,,
AVLP_pr36_L4,AVLP_pr36,AVLP_pr36/asp10a-1_R4,AVLP_pr36/asp10a-1,[165485  61483    725],720575940627719294,CB1783,Ach,Ach,Ach,,,,
AVLP_pr36_L6,AVLP_pr36,AVLP_pr36/asp10a-1_R5,AVLP_pr36/asp10a-1,[168196  57983    776],720575940615635037,CB3313,Ach,Ach,Ach,,,,
AVLP_pr36_L7,AVLP_pr36,AVLP_pr36/asp10a-1_R6,AVLP_pr36/asp10a-1,[163810  56269    795],720575940615592409,CB1090,Ach,Ach,Ach,,,,
AVLP_pr36_L8,AVLP_pr36,AVLP_pr36/asp10a-1_R7,AVLP_pr36/asp10a-1,[166639  57489    778],720575940619688688,CB1090,Ach,Ach,Ach,,,,
AVLP_pr36_L9,AVLP_pr36,AVLP_pr36/asp10a-1_R8,AVLP_pr36/asp10a-1,[164336  57054    756],720575940637175349,CB1090,Ach,Ach,Ach,,,,
AVLP_pr36_L10,AVLP_pr36,AVLP_pr36/asp10a-1_R9,AVLP_pr36/asp10a-1,[164102  59094    710],720575940628837650,CB1090,Ach,Ach,Ach,,,,
AVLP_pr36_R1,AVLP_pr36,AVLP_pr36/asp10a-1_L1,AVLP_pr36/asp10a-1,[94260 55542  1800],720575940637834301,CB3313,Ach,Ach,Ach,,,,
AVLP_pr36_R2,AVLP_pr36,AVLP_pr36/asp10a-1_L2,AVLP_pr36/asp10a-1,[93922 54733  1831],720575940629244357,CB3313,Ach,Ach,Ach,,,,
AVLP_pr36_R3,AVLP_pr36,AVLP_pr36/asp10a-1_L3,AVLP_pr36/asp10a-1,[91678 55932  1900],720575940602120928,CB1783,Ach,Ach,Ach,,,,
AVLP_pr36_R4,AVLP_pr36,AVLP_pr36/asp10a-1_L4,AVLP_pr36/asp10a-1,[93724 55127  1768],720575940617034398,CB1090,Ach,Ach,Ach,,,,
AVLP_pr36_R5,AVLP_pr36,AVLP_pr36/asp10a-1_L5,AVLP_pr36/asp10a-1,[91535 55000  1977],720575940613034602,CB1090,Ach,Ach,Ach,,,,
AVLP_pr36_R6,AVLP_pr36,AVLP_pr36/asp10a-1_L6,AVLP_pr36/asp10a-1,[93846 53976  1851],720575940609996773,CB3313,Ach,Ach,Ach,,,,
put_AVLP_pr36_R1,put_AVLP_pr36,AVLP_pr36/asp10a-1_L7,AVLP_pr36/asp10a-1,,720575940624662508,CB1783,Ach,Ach,Ach,,,,
put_AVLP_pr36_R3,put_AVLP_pr36,AVLP_pr36/asp10a-1_L8,AVLP_pr36/asp10a-1,,720575940636471408,CB1783,Ach,Ach,Ach,,,,
,put_AVLP_pr36,AVLP_pr36/asp10a-1_L9,AVLP_pr36/asp10a-1,,720575940604445868,CB1090,Ach,Ach,Ach,,,,
,put_AVLP_pr36,AVLP_pr36/asp10a-1_L10,AVLP_pr36/asp10a-1,,720575940641972384,CB1090,Ach,Ach,Ach,,,,
AVLP_pr36_L5,AVLP_pr36,AVLP_pr36/asp10a-2_R,AVLP_pr36/asp10a-2,[164628  60737    704],720575940627363687,CB3269,Ach,Ach,Ach,,,,
put_AVLP_pr36_R8,put_AVLP_pr36,AVLP_pr36/asp10a-2_L1,AVLP_pr36/asp10a-2,,720575940644252951,CB3269,Ach,Ach,Ach,,,,
put_AVLP_pr36_R6,put_AVLP_pr36,AVLP_pr36/asp10a-2_L2,AVLP_pr36/asp10a-2,,720575940623437180,CB3269,Ach,Ach,Ach,,,,
,put_AVLP_pr18,AVLP_pr18-1_R,AVLP_pr18-1,,720575940616941201,AVLP434_a,Inconclusive,Inconclusive,Inconclusive,,,,
,put_AVLP_pr18,AVLP_pr18-1_L,AVLP_pr18-1,,720575940632109775,AVLP434_a,Inconclusive,Inconclusive,Inconclusive,,,,
,put_AVLP_pr18,AVLP_pr18-2_R,AVLP_pr18-2,,720575940630396790,AVLP434_b,Inconclusive,Inconclusive,Inconclusive,,,,
,put_AVLP_pr18,AVLP_pr18-2_L,AVLP_pr18-2,,720575940630302551,AVLP434_b,Inconclusive,Inconclusive,Inconclusive,,,,
AVLP_pr05_L1,AVLP_pr05,AVLP_pr05-1_R1,AVLP_pr05-1,[171797  45557   5013],720575940618477806,CL253,GABA,GABA,GABA,,,,
AVLP_pr05_L2,AVLP_pr05,AVLP_pr05-1_R2,AVLP_pr05-1,[169287  49312   5089],720575940617529669,CL252,GABA,GABA,GABA,,,,
AVLP_pr05_L3,AVLP_pr05,AVLP_pr05-1_R3,AVLP_pr05-1,[168281  49611   5176],720575940615798045,CL252,GABA,GABA,GABA,,,,
AVLP_pr05_L4,AVLP_pr05,AVLP_pr05-1_R4,AVLP_pr05-1,[170734  47774   5182],720575940617193009,CL252,GABA,GABA,GABA,,,,
AVLP_pr05_L5,AVLP_pr05,AVLP_pr05-1_R5,AVLP_pr05-1,[168639  48052   5142],720575940625839345,CL252,GABA,GABA,GABA,,,,
AVLP_pr05_L9,AVLP_pr05,AVLP_pr05-1_R6,AVLP_pr05-1,[169856  47172   5044],720575940603331686,CL253,GABA,GABA,GABA,,,,
AVLP_pr05_R1,AVLP_pr05,AVLP_pr05-1_L1,AVLP_pr05-1,[85111 41366  5599],720575940618048724,CL253,GABA,GABA,GABA,,,,
AVLP_pr05_R2,AVLP_pr05,AVLP_pr05-1_L2,AVLP_pr05-1,[79969 39062  5165],720575940629414201,CL252,GABA,GABA,GABA,,,,
AVLP_pr05_R4,AVLP_pr05,AVLP_pr05-1_L3,AVLP_pr05-1,[82355 41454  5268],720575940639494528,CL252,GABA,GABA,GABA,,,,
AVLP_pr05_R6,AVLP_pr05,AVLP_pr05-1_L4,AVLP_pr05-1,[81713 40253  5103],720575940629349340,CL252,GABA,GABA,GABA,,,,
put_AVLP_pr05_R1,put_AVLP_pr05,AVLP_pr05-1_L5,AVLP_pr05-1,,720575940623849496,CL253,GABA,GABA,GABA,,,,
put_AVLP_pr05_R2,put_AVLP_pr05,AVLP_pr05-1_L6,AVLP_pr05-1,,720575940630303307,-,,,,,,,
AVLP_pr05_L10,AVLP_pr05,AVLP_pr05-2_R1,AVLP_pr05-2,[177799  43295   4973],720575940617943205,PLP160,GABA,GABA,GABA,,,,
AVLP_pr05_L11,AVLP_pr05,AVLP_pr05-2_R2,AVLP_pr05-2,[174403  45010   5102],720575940624172290,PLP160,GABA,GABA,GABA,,,,
AVLP_pr05_R14,AVLP_pr05,AVLP_pr05-2_L,AVLP_pr05-2,[80166 39699  5253],720575940617842196,PLP160,GABA,GABA,GABA,,,,
AVLP_pr05_R8,AVLP_pr05,AVLP_pr05-3_L1,AVLP_pr05-3,[86594 41742  5115],720575940612965791,CB2260,Inconclusive,GABA,GABA,,,,
AVLP_pr05_R12,AVLP_pr05,AVLP_pr05-3_L2,AVLP_pr05-3,[91288 65513  3217],720575940607049941,CB2260,Inconclusive,GABA,GABA,,,,
,put_AVLP_pr05,AVLP_pr05-3_L3,AVLP_pr05-3,,720575940605611209,CB2260,Inconclusive,GABA,GABA,,,,
IPS_pr01_L1,IPS_pr01,IPS_pr01-1_R1,IPS_pr01-1,[161519  70150   1004],720575940615915035,WEDPN1A,GABA,GABA,GABA,,,,
IPS_pr01_L2,IPS_pr01,IPS_pr01-1_R2,IPS_pr01-1,[164010  58165   3929],720575940610088618,WEDPN1A,GABA,GABA,GABA,,,,
IPS_pr01_L4,IPS_pr01,IPS_pr01-1_R3,IPS_pr01-1,[162852  71598   1131],720575940616812217,WEDPN1A,GABA,GABA,GABA,,,,
IPS_pr01_L5,IPS_pr01,IPS_pr01-1_R4,IPS_pr01-1,[163118  67041    814],720575940624015459,WEDPN1A,GABA,GABA,GABA,,,,
put_IPS_pr01_L1,put_IPS_pr01,IPS_pr01-1_R5,IPS_pr01-1,,720575940629851496,WEDPN1A,GABA,GABA,GABA,,,,
IPS_pr01_R1,IPS_pr01,IPS_pr01-1_L1,IPS_pr01-1,[96584 73695  2836],720575940627632428,WEDPN1A,GABA,GABA,GABA,,,,
IPS_pr01_R3,IPS_pr01,IPS_pr01-1_L2,IPS_pr01-1,[97416 73359  2786],720575940617575760,WEDPN1A,GABA,GABA,GABA,,,,
IPS_pr01_R4,IPS_pr01,IPS_pr01-1_L3,IPS_pr01-1,[94803 72784  2821],720575940618292416,WEDPN1A,GABA,GABA,GABA,,,,
put_IPS_pr01_L2,put_IPS_pr01,IPS_pr01-2_R1,IPS_pr01-2,,720575940629316152,WEDPN1B,GABA,GABA,GABA,,,,
,put_IPS_pr01,IPS_pr01-2_R2,IPS_pr01-2,,720575940624763678,WED025,GABA,GABA,GABA,,,,
,put_IPS_pr01,IPS_pr01-2_R3,IPS_pr01-2,,720575940610678226,WED025,GABA,GABA,GABA,,,,
IPS_pr01_R2,IPS_pr01,IPS_pr01-2_L1,IPS_pr01-2,[94430 73484  2777],720575940609630357,WED025,GABA,GABA,GABA,,,,
,put_IPS_pr01,IPS_pr01-2_L2,IPS_pr01-2,,720575940619925887,WEDPN1B,GABA,GABA,GABA,,,,
,put_IPS_pr01,IPS_pr01-2_L3,IPS_pr01-2,,720575940624732260,WED025,GABA,GABA,GABA,,,,
,put_IPS_pr01,IPS_pr01-2_L4,IPS_pr01-2,,720575940621983757,WED025,GABA,GABA,GABA,,,,
,put_AVLP_pr11,AVLP_pr11_R,AVLP_pr11,,720575940614079715,CB2660,Ach,Ach,Ach,,,,
AVLP_pr11_R1,AVLP_pr11,AVLP_pr11_L1,AVLP_pr11,[85460 52431  2387],720575940616783833,CB2660,Ach,Ach,Ach,,,,
,put_AVLP_pr11,AVLP_pr11_L2,AVLP_pr11,,720575940610504750,CB2660,Ach,Ach,Ach,,,,
,put_WED_pr02,WED_pr02_R1,WED_pr02,,720575940621835246,CB3245,GABA,GABA,GABA,,,,
WED_pr02_L2,WED_pr02,WED_pr02_R2,WED_pr02,[162892  80708   2540],720575940625887631,CB3491,GABA,GABA,GABA,,,,
,put_WED_pr02,WED_pr02_R3,WED_pr02,,720575940616121408,CB3245,GABA,GABA,GABA,,,,
,put_WED_pr02,WED_pr02_R4,WED_pr02,,720575940611674265,CB3245,GABA,GABA,GABA,,,,
WED_pr02_L5,WED_pr02,WED_pr02_R5,WED_pr02,[163316  80087   2686],720575940616211013,CB3491,GABA,GABA,GABA,,,,
WED_pr02_L6,WED_pr02,WED_pr02_R6,WED_pr02,[161996  80024   2694],720575940615930299,CB3491,GABA,GABA,GABA,,,,
,put_WED_pr02,WED_pr02_R7,WED_pr02,,720575940621540586,SAD021_a,GABA,GABA,GABA,,,,
,put_WED_pr02,WED_pr02_R8,WED_pr02,,720575940640507763,SAD021_a,GABA,GABA,GABA,,,,
,put_WED_pr02,WED_pr02_R9,WED_pr02,,720575940620581748,SAD021_a,GABA,GABA,GABA,,,,
put_WED_pr02_L4,put_WED_pr02,WED_pr02_R10,WED_pr02,,720575940605308082,SAD021_c,GABA,GABA,GABA,,,,
put_WED_pr02_L5,put_WED_pr02,WED_pr02_R11,WED_pr02,,720575940606743170,SAD021_c,GABA,GABA,GABA,,,,
WED_pr02_R1,WED_pr02,WED_pr02_L1,WED_pr02,[99243 75049  3127],720575940632998136,CB3491,GABA,GABA,GABA,,,,
put_WED_pr02_R7,put_WED_pr02,WED_pr02_L2,WED_pr02,,720575940634299071,CB3245,GABA,GABA,GABA,,,,
WED_pr02_R3,WED_pr02,WED_pr02_L3,WED_pr02,[93932 75671  3321],720575940637410394,CB3245,GABA,GABA,GABA,,,,
put_WED_pr02_R2,put_WED_pr02,WED_pr02_L4,WED_pr02,,720575940635981742,SAD021_a,GABA,GABA,GABA,,,,
WED_pr02_R5,WED_pr02,WED_pr02_L5,WED_pr02,[94182 74200  3507],720575940630258003,SAD021_a,GABA,GABA,GABA,,,,
WED_pr02_R6,WED_pr02,WED_pr02_L6,WED_pr02,[94942 75705  3502],720575940633044634,CB3245,GABA,GABA,GABA,,,,
put_WED_pr02_R1,put_WED_pr02,WED_pr02_L7,WED_pr02,,720575940612078511,SAD021_c,GABA,GABA,GABA,,,,
WED_pr02_R13,WED_pr02,WED_pr02_L8,WED_pr02,[99502 75621  3300],720575940630749523,CB3491,GABA,GABA,GABA,,,,
WED_pr02_R10,WED_pr02,WED_pr02_L9,WED_pr02,[95800 75289  3436],720575940629938487,SAD021_c,GABA,GABA,GABA,,,,
WED_pr02_R12,WED_pr02,WED_pr02_L10,WED_pr02,[99139 75718  3411],720575940628267264,SAD021_a,GABA,GABA,GABA,,,,
IPS_pr02_L,IPS_pr02,IPS_pr02_R,IPS_pr02,[138240  90526   4848],720575940610116581,CB0033,GABA,GABA,GABA,,,,
IPS_pr02_R,IPS_pr02,IPS_pr02_L,IPS_pr02,[121485  80193   4090],720575940614018060,CB0033,GABA,GABA,GABA,,,,
put_AVLP_pr23_L,put_AVLP_pr23,AVLP_pr23_R,AVLP_pr23,,720575940644968302,CB0264,Ach,Ach,Ach,,,,
AVLP_pr23_R,AVLP_pr23,AVLP_pr23_L,AVLP_pr23,[104527  77449   4019],720575940631153194,CB0264,Ach,Ach,Ach,,,,
PVLP_pr03_L2,PVLP_pr03,PVLP_pr03-1_R1,PVLP_pr03-1,[161664  58557    978],720575940622409983,CB2853,GABA,-,GABA,,,,
PVLP_pr03_L3,PVLP_pr03,PVLP_pr03-1_R2,PVLP_pr03-1,[162221  59162   1011],720575940615205427,CB2261,GABA,Inconclusive,GABA,,,,
put_PVLP_pr03_L2,put_PVLP_pr03,PVLP_pr03-1_R3,PVLP_pr03-1,,720575940621730910,CB2853,GABA,-,GABA,,,,
PVLP_pr03_L6,PVLP_pr03,PVLP_pr03-1_R4,PVLP_pr03-1,[161110  60647   1113],720575940626583056,CB0352,GABA,GABA,GABA,,,,
PVLP_pr03_R4,PVLP_pr03,PVLP_pr03-1_L1,PVLP_pr03-1,[100933  54805   1698],720575940636533574,CB2261,GABA,Inconclusive,GABA,,,,
PVLP_pr03_R2,PVLP_pr03,PVLP_pr03-1_L2,PVLP_pr03-1,[101197  54102   1730],720575940630637330,CB2853,GABA,-,GABA,,,,
put_PVLP_pr03_R5,put_PVLP_pr03,PVLP_pr03-1_L3,PVLP_pr03-1,,720575940623808520,CB2853,GABA,-,GABA,,,,
,put_PVLP_pr03,PVLP_pr03-1_L4,PVLP_pr03-1,,720575940621301274,CB0352,GABA,GABA,GABA,,,,
put_PVLP_pr03_L1,put_PVLP_pr03,PVLP_pr03-2_R1,PVLP_pr03-2,,720575940625600284,CB2278,GABA,GABA,GABA,,,,
PVLP_pr03_L5,PVLP_pr03,PVLP_pr03-2_R2,PVLP_pr03-2,[160473  58607   1109],720575940654167201,CB2278,GABA,GABA,GABA,,,,
PVLP_pr03_L7,PVLP_pr03,PVLP_pr03-2_R3,PVLP_pr03-2,[161857  55830   1002],720575940610653462,CB2278,GABA,GABA,GABA,,,,
PVLP_pr03_R3,PVLP_pr03,PVLP_pr03-2_L1,PVLP_pr03-2,[102308  55905   1819],720575940622304243,CB2278,GABA,GABA,GABA,,,,
put_PVLP_pr03_R1,put_PVLP_pr03,PVLP_pr03-2_L2,PVLP_pr03-2,,720575940628538732,CB2278,GABA,GABA,GABA,,,,
,put_PVLP_pr03,PVLP_pr03-3_R1,PVLP_pr03-3,,720575940604285356,CB3513b,GABA,GABA,GABA,,,,
PVLP_pr03_L9,PVLP_pr03,PVLP_pr03-3_R2,PVLP_pr03-3,[161502  50821   1237],720575940625194558,CB3513a,GABA,GABA,GABA,,,,
,put_PVLP_pr03,PVLP_pr03-3_L1,PVLP_pr03-3,,720575940640926627,CB3513a,GABA,GABA,GABA,,,,
,put_PVLP_pr03,PVLP_pr03-3_L2,PVLP_pr03-3,,720575940611091012,CB3513b,GABA,GABA,GABA,,,,
,,SAD_pr01_R,SAD_pr01,[115010  74688   2996],720575940624571116,CB0104,GABA,GABA,GABA,,,,
,,SAD_pr01_L,SAD_pr01,[145888  75638   2951],720575940644488727,CB0104,GABA,GABA,GABA,,,,
,,AVLP_pr35_R,AVLP_pr35,[166405  80833   2409],720575940612409494,AVLP091,GABA,GABA,GABA,,,,
,,AVLP_pr35_L,AVLP_pr35,[90563 68400  2579],720575940626196313,AVLP091,GABA,GABA,GABA,,,,
,,vpoEN_R1,vpoEN,[171059  75262   2521],720575940619415679,vpoEN,Ach,Ach,Ach,,,,
,,vpoEN_R2,vpoEN,[159548  73132   4342],720575940632385943,vpoEN,Ach,Ach,Ach,,,,
,,vpoEN_L1,vpoEN,[91461 73612  3186],720575940635403230,vpoEN,Ach,Ach,Ach,,,,
,,vpoEN_L2,vpoEN,[91280 73006  3316],720575940634829168,vpoEN,Ach,Ach,Ach,,,,
vpoIN_L2,vpoIN,vpoIN-1_R1,vpoIN-1,[183445  37705   2966],720575940614752395,AVLP008,GABA,GABA,GABA,,,,
vpoIN_L3,vpoIN,vpoIN-1_R2,vpoIN-1,[181560  40397   2898],720575940618851425,AVLP008,GABA,GABA,GABA,,,,
vpoIN_L4,vpoIN,vpoIN-1_R3,vpoIN-1,[180556  40816   2954],720575940612403427,AVLP008,GABA,GABA,GABA,,,,
vpoIN_L5,vpoIN,vpoIN-1_R4,vpoIN-1,[182746  39975   2796],720575940628528377,AVLP008,GABA,GABA,GABA,,,,
vpoIN_L8,vpoIN,vpoIN-1_R5,vpoIN-1,[182606  40349   3227],720575940628542807,AVLP008,GABA,GABA,GABA,,,,
vpoIN_R1,vpoIN,vpoIN-1_L1,vpoIN-1,[80018 37464  4054],720575940623256202,AVLP008,GABA,GABA,GABA,,,,
vpoIN_R5,vpoIN,vpoIN-1_L2,vpoIN-1,[78982 34649  3949],720575940632392599,AVLP008,GABA,GABA,GABA,,,,
vpoIN_R6,vpoIN,vpoIN-1_L3,vpoIN-1,[79360 35499  3996],720575940629199146,AVLP008,GABA,GABA,GABA,,,,
,put_vpoIN,vpoIN-1_L4,vpoIN-1,,720575940627718394,AVLP008,GABA,GABA,GABA,,,,
,put_vpoIN,vpoIN-1_L5,vpoIN-1,,720575940633033567,AVLP008,GABA,GABA,GABA,,,,
vpoIN_L1,vpoIN,vpoIN-2_R1,vpoIN-2,[182277  40565   3302],720575940628256763,LHAV4c2,GABA,GABA,GABA,,,,
put_vpoIN_L1,put_vpoIN,vpoIN-2_R2,vpoIN-2,,720575940616727782,LHAV4c2,GABA,GABA,GABA,,,,
put_vpoIN_L2,put_vpoIN,vpoIN-2_R3,vpoIN-2,,720575940620076415,LHAV4c2,GABA,GABA,GABA,,,,
vpoIN_R3,vpoIN,vpoIN-2_L,vpoIN-2,[79931 38377  4202],720575940615200059,LHAV4c2,GABA,GABA,GABA,,,,
vpoIN_L6,vpoIN,vpoIN-3_R,vpoIN-3,[182882  41198   3100],720575940636705502,CB1385,GABA,GABA,GABA,,,,
vpoIN_R2,vpoIN,vpoIN-3_L,vpoIN-3,[80235 35365  3941],720575940615894877,CB1385,GABA,GABA,GABA,,,,
pMN1_L,pMN1,pMN1_R,pMN1,,720575940625295339,DNp13,Ach,Ach,Ach,,,,
pMN1_R,pMN1,pMN1_L,pMN1,,720575940619486891,DNp13,Ach,Ach,Ach,,,,
pMN2_L,pMN2,pMN2_R,pMN2,[152175  45854   4825],720575940613170498,DNp37,Ach,Ach,Ach,,,,
pMN2_R,pMN2,pMN2_L,pMN2,[109708  46964   5237],720575940627496829,DNp37,Ach,Ach,Ach,,,,
pC2la_L1,pC2la,pC2la_R1,pC2la,[170209  43514   4816],720575940636910825,CL313,Ach,Ach,Ach,,,,
pC2la_L2,pC2la,pC2la_R2,pC2la,[168237  45878   4897],720575940627670032,CL313,Ach,Ach,Ach,,,,
pC2la_L3,pC2la,pC2la_R3,pC2la,[166908  46116   4834],720575940623855397,CB1161,Ach,Ach,Ach,,,,
pC2la_L4,pC2la,pC2la_R4,pC2la,[169193  43404   4815],720575940610455781,CL313,Ach,Ach,Ach,,,,
pC2la_L5,pC2la,pC2la_R5,pC2la,[172532  43504   4783],720575940621431492,CL313,Ach,Ach,Ach,,,,
pC2la_L6,pC2la,pC2la_R6,pC2la,[165674  49289   4929],720575940634545294,SIP200f,Ach,-,Ach,,,,
pC2la_L7,pC2la,pC2la_R7,pC2la,[167137  47095   4838],720575940630344396,CL313,Ach,Ach,Ach,,,,
,,pC2la_R8,pC2la,,720575940610373326,SIP200f,Ach,Ach,Ach,,,,
pC2la_R1,pC2la,pC2la_L1,pC2la,[99793 45173  5412],720575940632522848,CL313,Ach,Ach,Ach,,,,
pC2la_R2,pC2la,pC2la_L2,pC2la,[102846  47210   5367],720575940619302640,CL313,Ach,Ach,Ach,,,,
pC2la_R3,pC2la,pC2la_L3,pC2la,[100222  45873   5402],720575940630057979,CL313,Ach,Ach,Ach,,,,
pC2la_R4,pC2la,pC2la_L4,pC2la,[104343  49526   5225],720575940619675712,CL313,Ach,Ach,Ach,,,,
,,pC2la_L5,pC2la,,720575940629133052,SIP200f,Ach,Ach,Ach,,,,
,,pC2la_L6,pC2la,,720575940617333976,SIP200f,Ach,Ach,Ach,,,,
pC2lb_R4,pC2lb,pC2la_L7,pC2la,[103539  48318   5272],720575940640992731,CL313,Ach,Ach,Ach,,,,
pC2lc_R1,pC2lc,pC2la_L8,pC2la,[103035  47930   5342],720575940620931348,CL313,Ach,Ach,Ach,,,,
,,pC2la_L9,pC2la,,720575940610359758,pC2la,Ach,-,Ach,,,,
pC2lb_L1,pC2lb,pC2lb_R1,pC2lb,[161505  49332   4737],720575940638095293,AVLP567,Ach,Ach,Ach,,,,
pC2lb_L2,pC2lb,pC2lb_R2,pC2lb,[165680  46738   4841],720575940618475101,AVLP567,Ach,Ach,Ach,,,,
pC2lb_L3,pC2lb,pC2lb_R3,pC2lb,[164304  49518   4756],720575940631179807,AVLP569,Ach,Ach,Ach,,,,
pC2lb_L4,pC2lb,pC2lb_R4,pC2lb,[162875  47694   4791],720575940626793831,AVLP569,Ach,Ach,Ach,,,,
pC2lb_R1,pC2lb,pC2lb_L1,pC2lb,[102663  45478   5284],720575940623725972,AVLP567,Ach,Ach,Ach,,,,
pC2lb_R2,pC2lb,pC2lb_L2,pC2lb,[100575  48400   5300],720575940633300148,AVLP567,Ach,Ach,Ach,,,,
pC2lb_R3,pC2lb,pC2lb_L3,pC2lb,[102886  47933   5231],720575940640176848,AVLP569,Ach,Ach,Ach,,,,
pC2lb_R5,pC2lb,pC2lb_L5,pC2lb,[103067  47222   5245],720575940611401709,AVLP569,Ach,Ach,Ach,,,,
pC2lc_R2,pC2lc,pC2lc_L1,pC2lc,[101913  47606   5241],720575940628719375,AVLP570,Ach,Ach,Ach,,,,
pC2lc_R3,pC2lc,pC2lc_L1,pC2lc,[102729  46646   5289],720575940629407020,AVLP570,Ach,Ach,Ach,,,,
,,pC2lc_R1,pcC2lc,,720575940624996359,AVLP570,Ach,Ach,Ach,,,,
,,pC2lc_R2,pcC2lc,,720575940629211847,AVLP570,Ach,Ach,Ach,,,,
pC2ld_R,pC2ld,pC2ld_L,pC2ld,[101514  44767   5300],720575940629017591,AVLP568,Ach,-,Ach,,,,
pC1d_L,pC1d,pC1d_R,pC1d,[145817  41367   5139],720575940620356545,pC1d,Ach,Ach,Ach,,,,
pC1d_R,pC1d,pC1d_L,pC1d,[125483  45655   5019],720575940646518382,pC1d,Ach,Ach,Ach,,,,
pC1e_L,pC1e,pC1e_R,pC1e,[142741  44980   4908],720575940618364480,pC1e,Ach,Ach,Ach,,,,
pC1e_R,pC1e,pC1e_L,pC1e,[123240  51333   5237],720575940634866586,pC1e,Ach,Ach,Ach,,,,
,,aPN3_R1,aPN3,,720575940628244064,CB1622,-,GLUT,GLUT,,,,
,,aPN3_R2,aPN3,,720575940603903264,CB1622,-,GLUT,GLUT,,,,
,,aPN3_R3,aPN3,,720575940616748756,SAD077,Inconclusive,-,GLUT,,,,
,,aPN3_R4,aPN3,,720575940625466387,CB1394_d,Inconclusive,-,GLUT,,,,
,,aPN3_R5,aPN3,,720575940626990086,SAD077,Inconclusive,-,GLUT,,,,
,,aPN3_L1,aPN3,,720575940615308729,CB1622,-,GLUT,GLUT,,,,
,,aPN3_L2,aPN3,,720575940623020263,CB1622,-,GLUT,GLUT,,,,
,,aPN3_L3,aPN3,,720575940615503249,CB1394_d,Inconclusive,-,GLUT,,,,
,,aPN3_L4,aPN3,,720575940618149336,SAD077,Inconclusive,-,GLUT,,,,
,,aPN3_L5,aPN3,,720575940621159181,SAD077,Inconclusive,-,GLUT,,,,
,,aPN2_R1,aPN2,,720575940618772719,CB1125,Ach,Ach,Ach,,,,
,,aPN2_R2,aPN2,,720575940620833974,CB1125,Ach,Ach,Ach,,,,
,,aPN2_R3,aPN2,,720575940625597317,CB1125,Ach,Ach,Ach,,,,
,,aPN2_R4,aPN2,,720575940627027087,CB1125,Ach,Ach,Ach,,,,
,,aPN2_R5,aPN2,,720575940635960292,CB1125,Ach,,,,,,
,,aPN2_R6,aPN2,,720575940625952002,SAD003,Ach,,,,,,
,,aPN2_R7,aPN2,,720575940613641794,SAD003,Ach,,,,,,
,,aPN2_L1,aPN2,,720575940603930046,CB1125,Ach,Ach,Ach,,,,
,,aPN2_L2,aPN2,,720575940630214564,CB1125,Ach,Ach,Ach,,,,
,,aPN2_L3,aPN2,,720575940629394232,SAD003,Ach,-,Ach,,,,
,,aPN2_L4,aPN2,,720575940606919602,SAD003,Ach,-,Ach,,,,
,,aPN2_L5,aPN2,,720575940650920569,CB1125,Ach,Ach,Ach,,,,
,,aPN2_L6,aPN2,,720575940614190242,CB1125,Ach,Ach,Ach,,,,
,,aPN2_L7,aPN2,,720575940629552170,CB1125,Ach,Ach,Ach,,,,
,,JO-A_R1,JO-A,,720575940624428728,,,,Ach,,,,
,,JO-A_R2,JO-A,,720575940620537435,,,,Ach,,,,
,,JO-A_R3,JO-A,,720575940608975371,,,,Ach,,,,
,,JO-A_R4,JO-A,,720575940642063245,,,,Ach,,,,
,,JO-A_R5,JO-A,,720575940627085199,,,,Ach,,,,
,,JO-A_R6,JO-A,,720575940614014614,,,,Ach,,,,
,,JO-A_R7,JO-A,,720575940634228124,,,,Ach,,,,
,,JO-A_R8,JO-A,,720575940643903904,,,,Ach,,,,
,,JO-A_R9,JO-A,,720575940622295585,,,,Ach,,,,
,,JO-A_R10,JO-A,,720575940619465131,,,,Ach,,,,
,,JO-A_R11,JO-A,,720575940629237036,,,,Ach,,,,
,,JO-A_R12,JO-A,,720575940615676334,,,,Ach,,,,
,,JO-A_R13,JO-A,,720575940621791664,,,,Ach,,,,
,,JO-A_R14,JO-A,,720575940607208114,,,,Ach,,,,
,,JO-A_R15,JO-A,,720575940613304883,,,,Ach,,,,
,,JO-A_R16,JO-A,,720575940615241010,,,,Ach,,,,
,,JO-A_R17,JO-A,,720575940624167093,,,,Ach,,,,
,,JO-A_R18,JO-A,,720575940617668537,,,,Ach,,,,
,,JO-A_R19,JO-A,,720575940614866242,,,,Ach,,,,
,,JO-A_R20,JO-A,,720575940632812867,,,,Ach,,,,
,,JO-A_R21,JO-A,,720575940610236740,,,,Ach,,,,
,,JO-A_R22,JO-A,,720575940609691075,,,,Ach,,,,
,,JO-A_R23,JO-A,,720575940623587780,,,,Ach,,,,
,,JO-A_R24,JO-A,,720575940631463495,,,,Ach,,,,
,,JO-A_R25,JO-A,,720575940626162378,,,,Ach,,,,
,,JO-A_R26,JO-A,,720575940639375182,,,,Ach,,,,
,,JO-A_R27,JO-A,,720575940640713680,,,,Ach,,,,
,,JO-A_R28,JO-A,,720575940619878485,,,,Ach,,,,
,,JO-A_R29,JO-A,,720575940630534615,,,,Ach,,,,
,,JO-A_R30,JO-A,,720575940622706653,,,,Ach,,,,
,,JO-A_R31,JO-A,,720575940637389534,,,,Ach,,,,
,,JO-A_R32,JO-A,,720575940614332899,,,,Ach,,,,
,,JO-A_R33,JO-A,,720575940628054760,,,,Ach,,,,
,,JO-A_R34,JO-A,,720575940632022888,,,,Ach,,,,
,,JO-A_R35,JO-A,,720575940614280554,,,,Ach,,,,
,,JO-A_R36,JO-A,,720575940624770540,,,,Ach,,,,
,,JO-A_R37,JO-A,,720575940621870576,,,,Ach,,,,
,,JO-A_R38,JO-A,,720575940630721910,,,,Ach,,,,
,,JO-A_R39,JO-A,,720575940618851963,,,,Ach,,,,
,,JO-A_R40,JO-A,,720575940627106173,,,,Ach,,,,
,,JO-A_R41,JO-A,,720575940639742627,,,,Ach,,,,
,,JO-A_R42,JO-A,,720575940615041064,,,,Ach,,,,
,,JO-A_R43,JO-A,,720575940615750318,,,,Ach,,,,
,,JO-A_R44,JO-A,,720575940630211127,,,,Ach,,,,
,,JO-A_R45,JO-A,,720575940608487772,,,,Ach,,,,
,,JO-A_R46,JO-A,,720575940624832231,,,,Ach,,,,
,,JO-A_L1,JO-A,,720575940627046010,,,,Ach,,,,
,,JO-A_L2,JO-A,,720575940621340429,,,,Ach,,,,
,,JO-A_L3,JO-A,,720575940617534110,,,,Ach,,,,
,,JO-A_L4,JO-A,,720575940620649641,,,,Ach,,,,
,,JO-A_L5,JO-A,,720575940632669741,,,,Ach,,,,
,,JO-A_L6,JO-A,,720575940638256949,,,,Ach,,,,
,,JO-A_L7,JO-A,,720575940630017603,,,,Ach,,,,
,,JO-A_L8,JO-A,,720575940630018115,,,,Ach,,,,
,,JO-A_L9,JO-A,,720575940622591049,,,,Ach,,,,
,,JO-A_L10,JO-A,,720575940606612937,,,,Ach,,,,
,,JO-A_L11,JO-A,,720575940607367125,,,,Ach,,,,
,,JO-A_L12,JO-A,,720575940620745825,,,,Ach,,,,
,,JO-A_L13,JO-A,,720575940629044071,,,,Ach,,,,
,,JO-A_L14,JO-A,,720575940627538947,,,,Ach,,,,
,,JO-A_L15,JO-A,,720575940628356358,,,,Ach,,,,
,,JO-A_L16,JO-A,,720575940626949513,,,,Ach,,,,
,,JO-A_L17,JO-A,,720575940627142666,,,,Ach,,,,
,,JO-A_L18,JO-A,,720575940608457483,,,,Ach,,,,
,,JO-A_L19,JO-A,,720575940642163341,,,,Ach,,,,
,,JO-A_L20,JO-A,,720575940626242191,,,,Ach,,,,
,,JO-A_L21,JO-A,,720575940627442197,,,,Ach,,,,
,,JO-A_L22,JO-A,,720575940633057943,,,,Ach,,,,
,,JO-A_L23,JO-A,,720575940621464344,,,,Ach,,,,
,,JO-A_L24,JO-A,,720575940625227672,,,,Ach,,,,
,,JO-A_L25,JO-A,,720575940624670759,,,,Ach,,,,
,,JO-A_L26,JO-A,,720575940623189799,,,,Ach,,,,
,,JO-A_L27,JO-A,,720575940627195691,,,,Ach,,,,
,,JO-A_L28,JO-A,,720575940619694512,,,,Ach,,,,
,,JO-A_L29,JO-A,,720575940618056753,,,,Ach,,,,
,,JO-A_L30,JO-A,,720575940607059122,,,,Ach,,,,
,,JO-A_L31,JO-A,,720575940637418549,,,,Ach,,,,
,,JO-A_L32,JO-A,,720575940621110454,,,,Ach,,,,
,,JO-A_L33,JO-A,,720575940618770625,,,,Ach,,,,
,,JO-A_L34,JO-A,,720575940619508033,,,,Ach,,,,
,,JO-A_L35,JO-A,,720575940608554052,,,,Ach,,,,
,,JO-A_L36,JO-A,,720575940614544582,,,,Ach,,,,
,,JO-A_L37,JO-A,,720575940620322753,,,,Ach,,,,
,,JO-A_L38,JO-A,,720575940626164938,,,,Ach,,,,
,,JO-A_L39,JO-A,,720575940625917386,,,,Ach,,,,
,,JO-A_L40,JO-A,,720575940623840589,,,,Ach,,,,
,,JO-A_L41,JO-A,,720575940631156431,,,,Ach,,,,
,,JO-A_L42,JO-A,,720575940628769239,,,,Ach,,,,
,,JO-A_L43,JO-A,,720575940613682911,,,,Ach,,,,
,,JO-A_L44,JO-A,,720575940634414959,,,,Ach,,,,
,,JO-A_L45,JO-A,,720575940611177586,,,,Ach,,,,
,,JO-A_L46,JO-A,,720575940614927989,,,,Ach,,,,
,,JO-A_L47,JO-A,,720575940626522620,,,,Ach,,,,
,,JO-A_L48,JO-A,,720575940629450366,,,,Ach,,,,
,,JO-B_R1,JO-B,,720575940640820788,94,,,Ach,,,,
,,JO-B_R2,JO-B,,720575940623490794,,,,Ach,,,,
,,JO-B_R3,JO-B,,720575940623357675,,,,Ach,,,,
,,JO-B_R4,JO-B,,720575940638811507,,,,Ach,,,,
,,JO-B_R5,JO-B,,720575940616336245,,,,Ach,,,,
,,JO-B_R6,JO-B,,720575940616786315,,,,Ach,,,,
,,JO-B_R7,JO-B,,720575940608876471,,,,Ach,,,,
,,JO-B_R8,JO-B,,720575940625910714,,,,Ach,,,,
,,JO-B_R9,JO-B,,720575940626741265,,,,Ach,,,,
,,JO-B_R10,JO-B,,720575940631750687,,,,Ach,,,,
,,JO-B_R11,JO-B,,720575940644635172,,,,Ach,,,,
,,JO-B_R12,JO-B,,720575940625866789,,,,Ach,,,,
,,JO-B_R13,JO-B,,720575940613696552,,,,Ach,,,,
,,JO-B_R14,JO-B,,720575940631469098,,,,Ach,,,,
,,JO-B_R15,JO-B,,720575940632288815,,,,Ach,,,,
,,JO-B_R16,JO-B,,720575940625023024,,,,Ach,,,,
,,JO-B_R17,JO-B,,720575940618847281,,,,Ach,,,,
,,JO-B_R18,JO-B,,720575940640817204,,,,Ach,,,,
,,JO-B_R19,JO-B,,720575940618953270,,,,Ach,,,,
,,JO-B_R20,JO-B,,720575940640836660,,,,Ach,,,,
,,JO-B_R21,JO-B,,720575940640841268,,,,Ach,,,,
,,JO-B_R22,JO-B,,720575940640843316,,,,Ach,,,,
,,JO-B_R23,JO-B,,720575940624111177,,,,Ach,,,,
,,JO-B_R24,JO-B,,720575940616793174,,,,Ach,,,,
,,JO-B_R25,JO-B,,720575940628315232,,,,Ach,,,,
,,JO-B_R26,JO-B,,720575940622857827,,,,Ach,,,,
,,JO-B_R27,JO-B,,720575940626258532,,,,Ach,,,,
,,JO-B_R28,JO-B,,720575940612585577,,,,Ach,,,,
,,JO-B_R29,JO-B,,720575940636276336,,,,Ach,,,,
,,JO-B_R30,JO-B,,720575940635278455,,,,Ach,,,,
,,JO-B_R31,JO-B,,720575940610753656,,,,Ach,,,,
,,JO-B_R32,JO-B,,720575940642108557,,,,Ach,,,,
,,JO-B_R33,JO-B,,720575940622946963,,,,Ach,,,,
,,JO-B_R34,JO-B,,720575940617066653,,,,Ach,,,,
,,JO-B_R35,JO-B,,720575940617945246,,,,Ach,,,,
,,JO-B_R36,JO-B,,720575940623401128,,,,Ach,,,,
,,JO-B_R37,JO-B,,720575940608875703,,,,Ach,,,,
,,JO-B_R38,JO-B,,720575940608893623,,,,Ach,,,,
,,JO-B_R39,JO-B,,720575940616612025,,,,Ach,,,,
,,JO-B_R40,JO-B,,720575940624065724,,,,Ach,,,,
,,JO-B_R41,JO-B,,720575940607944384,,,,Ach,,,,
,,JO-B_R42,JO-B,,720575940607947456,,,,Ach,,,,
,,JO-B_R43,JO-B,,720575940620587713,,,,Ach,,,,
,,JO-B_R44,JO-B,,720575940630960325,,,,Ach,,,,
,,JO-B_R45,JO-B,,720575940606850761,,,,Ach,,,,
,,JO-B_R46,JO-B,,720575940632618700,,,,Ach,,,,
,,JO-B_R47,JO-B,,720575940617457881,,,,Ach,,,,
,,JO-B_R48,JO-B,,720575940612956378,,,,Ach,,,,
,,JO-B_R49,JO-B,,720575940633524443,,,,Ach,,,,
,,JO-B_R50,JO-B,,720575940633301217,,,,Ach,,,,
,,JO-B_R51,JO-B,,720575940623805159,,,,Ach,,,,
,,JO-B_R52,JO-B,,720575940629860089,,,,Ach,,,,
,,JO-B_R53,JO-B,,720575940630916347,,,,Ach,,,,
,,JO-B_R54,JO-B,,720575940613622014,,,,Ach,,,,
,,JO-B_R55,JO-B,,720575940612647166,,,,Ach,,,,
,,JO-B_R56,JO-B,,720575940628698371,,,,Ach,,,,
,,JO-B_R57,JO-B,,720575940628957443,,,,Ach,,,,
,,JO-B_R58,JO-B,,720575940621077253,,,,Ach,,,,
,,JO-B_R59,JO-B,,720575940627714310,,,,Ach,,,,
,,JO-B_R60,JO-B,,720575940620422413,,,,Ach,,,,
,,JO-B_R61,JO-B,,720575940631448338,,,,Ach,,,,
,,JO-B_R62,JO-B,,720575940617110306,,,,Ach,,,,
,,JO-B_R63,JO-B,,720575940623562534,,,,Ach,,,,
,,JO-B_R64,JO-B,,720575940623290153,,,,Ach,,,,
,,JO-B_R65,JO-B,,720575940623301417,,,,Ach,,,,
,,JO-B_R66,JO-B,,720575940631470378,,,,Ach,,,,
,,JO-B_R67,JO-B,,720575940630816569,,,,Ach,,,,
,,JO-B_R68,JO-B,,720575940616413509,,,,Ach,,,,
,,JO-B_R69,JO-B,,720575940624116553,,,,Ach,,,,
,,JO-B_R70,JO-B,,720575940617972052,,,,Ach,,,,
,,JO-B_R71,JO-B,,720575940613469545,,,,Ach,,,,
,,JO-B_R72,JO-B,,720575940630785388,,,,Ach,,,,
,,JO-B_R73,JO-B,,720575940620031341,,,,Ach,,,,
,,JO-B_R74,JO-B,,720575940636425584,,,,Ach,,,,
,,JO-B_R75,JO-B,,720575940640130432,,,,Ach,,,,
,,JO-B_R76,JO-B,,720575940632037260,,,,Ach,,,,
,,JO-B_R77,JO-B,,720575940610674581,,,,Ach,,,,
,,JO-B_R78,JO-B,,720575940642897312,,,,Ach,,,,
,,JO-B_R79,JO-B,,720575940643912608,,,,Ach,,,,
,,JO-B_R80,JO-B,,720575940620575653,,,,Ach,,,,
,,JO-B_R81,JO-B,,720575940613924271,,,,Ach,,,,
,,JO-B_R82,JO-B,,720575940635732916,,,,Ach,,,,
,,JO-B_R83,JO-B,,720575940607827392,,,,Ach,,,,
,,JO-B_R84,JO-B,,720575940607881152,,,,Ach,,,,
,,JO-B_R85,JO-B,,720575940607948224,,,,Ach,,,,
,,JO-B_R86,JO-B,,720575940608524224,,,,Ach,,,,
,,JO-B_R87,JO-B,,720575940622593476,,,,Ach,,,,
,,JO-B_R88,JO-B,,720575940627985351,,,,Ach,,,,
,,JO-B_R89,JO-B,,720575940643888584,,,,Ach,,,,
,,JO-B_R90,JO-B,,720575940616859622,,,,Ach,,,,
,,JO-B_R91,JO-B,,720575940617724390,,,,Ach,,,,
,,JO-B_R92,JO-B,,720575940630910971,,,,Ach,,,,
,,JO-B_R93,JO-B,,720575940628896299,,,,Ach,,,,
,,JO-B_R94,JO-B,,720575940616096306,,,,Ach,,,,
,,JO-B_R95,JO-B,,720575940609289284,,,,Ach,,,,
,,JO-B_R96,JO-B,,720575940632315473,,,,Ach,,,,
,,JO-B_R97,JO-B,,720575940635078239,,,,Ach,,,,
,,JO-B_R98,JO-B,,720575940622998115,,,,Ach,,,,
,,JO-B_R99,JO-B,,720575940629766782,,,,Ach,,,,
,,JO-B_R100,JO-B,,720575940612615833,,,,Ach,,,,
,,JO-B_R101,JO-B,,720575940634257564,,,,Ach,,,,
,,JO-B_R102,JO-B,,720575940614644898,,,,Ach,,,,
,,JO-B_R103,JO-B,,720575940620661931,,,,Ach,,,,
,,JO-B_R104,JO-B,,720575940625565368,,,,Ach,,,,
,,JO-B_R105,JO-B,,720575940620458735,,,,Ach,,,,
,,JO-B_R106,JO-B,,720575940629505274,,,,Ach,,,,
,,JO-B_R107,JO-B,,720575940630161152,,,,Ach,,,,
,,JO-B_R108,JO-B,,720575940617845505,,,,Ach,,,,
,,JO-B_R109,JO-B,,720575940622297855,,,,Ach,,,,
,,JO-B_R110,JO-B,,720575940629253376,,,,Ach,,,,
,,JO-B_R111,JO-B,,720575940646362403,,,,Ach,,,,
,,JO-B_R112,JO-B,,720575940630207799,,,,Ach,,,,
,,JO-B_R113,JO-B,,720575940638081855,,,,Ach,,,,
,,JO-B_R114,JO-B,,720575940638556998,,,,Ach,,,,
,,JO-B_R115,JO-B,,720575940617938772,,,,Ach,,,,
,,JO-B_R116,JO-B,,720575940627778393,,,,Ach,,,,
,,JO-B_R117,JO-B,,720575940608483164,,,,Ach,,,,
,,JO-B_R118,JO-B,,720575940626286432,,,,Ach,,,,
,,JO-B_R119,JO-B,,720575940611154786,,,,Ach,,,,
,,JO-B_R120,JO-B,,720575940605622118,,,,Ach,,,,
,,JO-B_R121,JO-B,,720575940620822893,,,,Ach,,,,
,,JO-B_R122,JO-B,,720575940645539694,,,,Ach,,,,
,,JO-B_R123,JO-B,,720575940612029297,,,,Ach,,,,
,,JO-B_R124,JO-B,,720575940635345271,,,,Ach,,,,
,,JO-B_R125,JO-B,,720575940623529875,,,,Ach,,,,
,,JO-B_R126,JO-B,,720575940624510868,,,,Ach,,,,
,,JO-B_R127,JO-B,,720575940604988332,,,,Ach,,,,
,,JO-B_R128,JO-B,,720575940605209521,,,,Ach,,,,
,,JO-B_R129,JO-B,,720575940611000274,,,,Ach,,,,
,,JO-B_R130,JO-B,,720575940636488667,,,,Ach,,,,
,,JO-B_R131,JO-B,,720575940629989879,,,,Ach,,,,
,,JO-B_R132,JO-B,,720575940624067581,,,,Ach,,,,
,,JO-B_R133,JO-B,,720575940613783038,,,,Ach,,,,
,,JO-B_L1,JO-B,,720575940632229457,,,,Ach,,,,
,,JO-B_L2,JO-B,,720575940630925330,,,,Ach,,,,
,,JO-B_L3,JO-B,,720575940627442709,,,,Ach,,,,
,,JO-B_L4,JO-B,,720575940604531229,,,,Ach,,,,
,,JO-B_L5,JO-B,,720575940612409885,,,,Ach,,,,
,,JO-B_L6,JO-B,,720575940609934365,,,,Ach,,,,
,,JO-B_L7,JO-B,,720575940600433181,,,,Ach,,,,
,,JO-B_L8,JO-B,,720575940644057635,,,,Ach,,,,
,,JO-B_L9,JO-B,,720575940639145550,,,,Ach,,,,
,,JO-B_L10,JO-B,,720575940642123917,,,,Ach,,,,
,,JO-B_L11,JO-B,,720575940613127314,,,,Ach,,,,
,,JO-B_L12,JO-B,,720575940632692378,,,,Ach,,,,
,,JO-B_L13,JO-B,,720575940612235439,,,,Ach,,,,
,,JO-B_L14,JO-B,,720575940621508336,,,,Ach,,,,
,,JO-B_L15,JO-B,,720575940625587970,,,,Ach,,,,
,,JO-B_L16,JO-B,,720575940622960422,,,,Ach,,,,
,,JO-B_L17,JO-B,,720575940623745869,,,,Ach,,,,
,,JO-B_L18,JO-B,,720575940630630225,,,,Ach,,,,
,,JO-B_L19,JO-B,,720575940630660951,,,,Ach,,,,
,,JO-B_L20,JO-B,,720575940639049560,,,,Ach,,,,
,,JO-B_L21,JO-B,,720575940634830175,,,,Ach,,,,
,,JO-B_L22,JO-B,,720575940632466784,,,,Ach,,,,
,,JO-B_L23,JO-B,,720575940624594276,,,,Ach,,,,
,,JO-B_L24,JO-B,,720575940639397747,,,,Ach,,,,
,,JO-B_L25,JO-B,,720575940618856896,,,,Ach,,,,
,,JO-B_L26,JO-B,,720575940606619081,,,,Ach,,,,
,,JO-B_L27,JO-B,,720575940637813220,,,,Ach,,,,
,,JO-B_L28,JO-B,,720575940624755180,,,,Ach,,,,
,,JO-B_L29,JO-B,,720575940638636533,,,,Ach,,,,
,,JO-B_L30,JO-B,,720575940629350394,,,,Ach,,,,
,,JO-B_L31,JO-B,,720575940623292925,,,,Ach,,,,
,,JO-B_L32,JO-B,,720575940627304963,,,,Ach,,,,
,,JO-B_L33,JO-B,,720575940627437572,,,,Ach,,,,
,,JO-B_L34,JO-B,,720575940622026757,,,,Ach,,,,
,,JO-B_L35,JO-B,,720575940608112137,,,,Ach,,,,
,,JO-B_L36,JO-B,,720575940616042508,,,,Ach,,,,
,,JO-B_L37,JO-B,,720575940627352595,,,,Ach,,,,
,,JO-B_L38,JO-B,,720575940612446744,,,,Ach,,,,
,,JO-B_L39,JO-B,,720575940622344216,,,,Ach,,,,
,,JO-B_L40,JO-B,,720575940621823514,,,,Ach,,,,
,,JO-B_L41,JO-B,,720575940619572762,,,,Ach,,,,
,,JO-B_L42,JO-B,,720575940617541147,,,,Ach,,,,
,,JO-B_L43,JO-B,,720575940605755424,,,,Ach,,,,
,,JO-B_L44,JO-B,,720575940632129567,,,,Ach,,,,
,,JO-B_L45,JO-B,,720575940629275180,,,,Ach,,,,
,,JO-B_L46,JO-B,,720575940636990005,,,,Ach,,,,
,,JO-B_L47,JO-B,,720575940639745085,,,,Ach,,,,
,,JO-B_L48,JO-B,,720575940637612095,,,,Ach,,,,
,,JO-B_L49,JO-B,,720575940638191679,,,,Ach,,,,
,,JO-B_L50,JO-B,,720575940613776962,,,,Ach,,,,
,,JO-B_L51,JO-B,,720575940631461451,,,,Ach,,,,
,,JO-B_L52,JO-B,,720575940639970392,,,,Ach,,,,
,,JO-B_L53,JO-B,,720575940617517661,,,,Ach,,,,
,,JO-B_L54,JO-B,,720575940634178656,,,,Ach,,,,
,,JO-B_L55,JO-B,,720575940622552163,,,,Ach,,,,
,,JO-B_L56,JO-B,,720575940634892389,,,,Ach,,,,
,,JO-B_L57,JO-B,,720575940615540841,,,,Ach,,,,
,,JO-B_L58,JO-B,,720575940628159081,,,,Ach,,,,
,,JO-B_L59,JO-B,,720575940616653429,,,,Ach,,,,
,,JO-B_L60,JO-B,,720575940629806206,,,,Ach,,,,
,,JO-B_L61,JO-B,,720575940629269630,,,,Ach,,,,
,,JO-B_L62,JO-B,,720575940626726021,,,,Ach,,,,
,,JO-B_L63,JO-B,,720575940642442893,,,,Ach,,,,
,,JO-B_L64,JO-B,,720575940614795410,,,,Ach,,,,
,,JO-B_L65,JO-B,,720575940610341525,,,,Ach,,,,
,,JO-B_L66,JO-B,,720575940634229399,,,,Ach,,,,
,,JO-B_L67,JO-B,,720575940628910235,,,,Ach,,,,
,,JO-B_L68,JO-B,,720575940613956767,,,,Ach,,,,
,,JO-B_L69,JO-B,,720575940620386981,,,,Ach,,,,
,,JO-B_L70,JO-B,,720575940612129962,,,,Ach,,,,
,,JO-B_L71,JO-B,,720575940604054188,,,,Ach,,,,
,,JO-B_L72,JO-B,,720575940605219500,,,,Ach,,,,
,,JO-B_L73,JO-B,,720575940612355763,,,,Ach,,,,
,,JO-B_L74,JO-B,,720575940612419763,,,,Ach,,,,
,,JO-B_L75,JO-B,,720575940623474871,,,,Ach,,,,
,,JO-B_L76,JO-B,,720575940615387846,,,,Ach,,,,
,,JO-B_L77,JO-B,,720575940627927751,,,,Ach,,,,
,,JO-B_L78,JO-B,,720575940606872777,,,,Ach,,,,
,,JO-B_L79,JO-B,,720575940606938313,,,,Ach,,,,
,,JO-B_L80,JO-B,,720575940619941067,,,,Ach,,,,
,,JO-B_L81,JO-B,,720575940619969227,,,,Ach,,,,
,,JO-B_L82,JO-B,,720575940631915219,,,,Ach,,,,
,,JO-B_L83,JO-B,,720575940630467804,,,,Ach,,,,
,,JO-B_L84,JO-B,,720575940635217144,,,,Ach,,,,
,,JO-B_L85,JO-B,,720575940613006590,,,,Ach,,,,
,,JO-B_L86,JO-B,,720575940626693894,,,,Ach,,,,
,,JO-B_L87,JO-B,,720575940622978823,,,,Ach,,,,
,,JO-B_L88,JO-B,,720575940628467462,,,,Ach,,,,
,,JO-B_L89,JO-B,,720575940614205708,,,,Ach,,,,
,,JO-B_L90,JO-B,,720575940645085975,,,,Ach,,,,
,,JO-B_L91,JO-B,,720575940645086999,,,,Ach,,,,
,,JO-B_L92,JO-B,,720575940645087511,,,,Ach,,,,
,,JO-B_L93,JO-B,,720575940620422938,,,,Ach,,,,
,,JO-B_L94,JO-B,,720575940645089559,,,,Ach,,,,
,,JO-B_L95,JO-B,,720575940609527069,,,,Ach,,,,
,,JO-B_L96,JO-B,,720575940612407581,,,,Ach,,,,
,,JO-B_L97,JO-B,,720575940610595118,,,,Ach,,,,
,,JO-B_L98,JO-B,,720575940610621742,,,,Ach,,,,
,,JO-B_L99,JO-B,,720575940625888560,,,,Ach,,,,
,,JO-B_L100,JO-B,,720575940636537663,,,,Ach,,,,
,,JO-B_L101,JO-B,,720575940637630783,,,,Ach,,,,
,,JO-B_L102,JO-B,,720575940619447105,,,,Ach,,,,
,,JO-B_L103,JO-B,,720575940637919551,,,,Ach,,,,
,,JO-B_L104,JO-B,,720575940610028868,,,,Ach,,,,
,,JO-B_L105,JO-B,,720575940626257736,,,,Ach,,,,
,,JO-B_L106,JO-B,,720575940626885960,,,,Ach,,,,
,,JO-B_L107,JO-B,,720575940627839304,,,,Ach,,,,
,,JO-B_L108,JO-B,,720575940628786511,,,,Ach,,,,
,,JO-B_L109,JO-B,,720575940627453778,,,,Ach,,,,
,,JO-B_L110,JO-B,,720575940631794513,,,,Ach,,,,
,,JO-B_L111,JO-B,,720575940616428884,,,,Ach,,,,
,,JO-B_L112,JO-B,,720575940639405912,,,,Ach,,,,
,,JO-B_L113,JO-B,,720575940625049945,,,,Ach,,,,
,,JO-B_L114,JO-B,,720575940615860061,,,,Ach,,,,
,,JO-B_L115,JO-B,,720575940621513566,,,,Ach,,,,
,,JO-B_L116,JO-B,,720575940621120353,,,,Ach,,,,
,,JO-B_L117,JO-B,,720575940635237727,,,,Ach,,,,
,,JO-B_L118,JO-B,,720575940635973989,,,,Ach,,,,
,,JO-B_L119,JO-B,,720575940631699816,,,,Ach,,,,
,,JO-B_L120,JO-B,,720575940630461804,,,,Ach,,,,
,,JO-B_L121,JO-B,,720575940643418990,,,,Ach,,,,
,,JO-B_L122,JO-B,,720575940641396078,,,,Ach,,,,
,,JO-B_L123,JO-B,,720575940629492727,,,,Ach,,,,
,,JO-B_L124,JO-B,,720575940613934965,,,,Ach,,,,
,,JO-B_L125,JO-B,,720575940629105022,,,,Ach,,,,
,,JO-B_L126,JO-B,,720575940629804414,,,,Ach,,,,
,,JO-B_L127,JO-B,,720575940639649152,,,,Ach,,,,
,,JO-B_L128,JO-B,,720575940639826304,,,,Ach,,,,
,,JO-B_L129,JO-B,,720575940607088514,,,,Ach,,,,
,,JO-B_L130,JO-B,,720575940623146378,,,,Ach,,,,
,,JO-B_L131,JO-B,,720575940642414989,,,,Ach,,,,
,,JO-B_L132,JO-B,,720575940627249039,,,,Ach,,,,
,,JO-B_L133,JO-B,,720575940625624464,,,,Ach,,,,
,,JO-B_L134,JO-B,,720575940625972624,,,,Ach,,,,
,,JO-B_L135,JO-B,,720575940634781594,,,,Ach,,,,
,,JO-B_L136,JO-B,,720575940614847906,,,,Ach,,,,
,,JO-B_L137,JO-B,,720575940622342569,,,,Ach,,,,
,,JO-B_L138,JO-B,,720575940604805036,,,,Ach,,,,
,,JO-B_L139,JO-B,,720575940605238188,,,,Ach,,,,
,,JO-B_L140,JO-B,,720575940612418483,,,,Ach,,,,
,,JO-B_L141,JO-B,,720575940615222201,,,,Ach,,,,
,,JO-B_L142,JO-B,,720575940624562618,,,,Ach,,,,
,,JO-B_L143,JO-B,,720575940604274622,,,,Ach,,,,
,,JO-B_L144,JO-B,,720575940620622785,,,,Ach,,,,
,,JO-B_L145,JO-B,,720575940643791304,,,,Ach,,,,
,,JO-B_L146,JO-B,,720575940606871497,,,,Ach,,,,
,,JO-B_L147,JO-B,,720575940619940811,,,,Ach,,,,
,,JO-B_L148,JO-B,,720575940609816014,,,,Ach,,,,
,,JO-B_L149,JO-B,,720575940610739666,,,,Ach,,,,
,,JO-B_L150,JO-B,,720575940611392986,,,,Ach,,,,
,,JO-B_L151,JO-B,,720575940640169947,,,,Ach,,,,
,,JO-B_L152,JO-B,,720575940630462940,,,,Ach,,,,
,,JO-B_L153,JO-B,,720575940620516846,,,,Ach,,,,
,,JO-B_L154,JO-B,,720575940628543473,,,,Ach,,,,
,,JO-B_L155,JO-B,,720575940630117879,,,,Ach,,,,
,,JO-B_L156,JO-B,,720575940630269945,,,,Ach,,,,
,,JO-B_L157,JO-B,,720575940630820347,,,,Ach,,,,
,,JO-B_L158,JO-B,,720575940621722111,,,,Ach,,,,
,,JO-B_L159,JO-B,,720575940639803453,,,,Ach,,,,
,,JO-B_L160,JO-B,,720575940637919295,,,,Ach,,,,
,,JO-B_L161,JO-B,,720575940634775706,,,,Ach,,,,
,,JO-B_L162,JO-B,,720575940631670584,,,,Ach,,,,
,,JO-B_L163,JO-B,,720575940617244049,,,,Ach,,,,
,,JO-B_L164,JO-B,,720575940617407929,,,,Ach,,,,
,,JO-B_L165,JO-B,,720575940620257216,,,,Ach,,,,
,,JO-B_L166,JO-B,,720575940614805983,,,,Ach,,,,